-- phpMyAdmin SQL Dump
-- version 5.2.2
-- https://www.phpmyadmin.net/
--
-- Host: localhost
-- Generation Time: Apr 10, 2025 at 02:41 AM
-- Server version: 10.4.27-MariaDB
-- PHP Version: 8.4.3

SET SQL_MODE = "NO_AUTO_VALUE_ON_ZERO";
START TRANSACTION;
SET time_zone = "+00:00";


/*!40101 SET @OLD_CHARACTER_SET_CLIENT=@@CHARACTER_SET_CLIENT */;
/*!40101 SET @OLD_CHARACTER_SET_RESULTS=@@CHARACTER_SET_RESULTS */;
/*!40101 SET @OLD_COLLATION_CONNECTION=@@COLLATION_CONNECTION */;
/*!40101 SET NAMES utf8mb4 */;

--
-- Database: `nature_blitar`
--

-- --------------------------------------------------------

--
-- Table structure for table `fasilitas`
--

INSERT INTO `fasilitas` (`id`, `nama_fasilitas`, `created_at`, `updated_at`) VALUES
(1, 'Toilet', '2025-03-12 14:47:10', '2025-03-12 14:47:10'),
(2, 'Cafe', '2025-03-12 14:47:10', '2025-03-12 14:47:10'),
(3, 'Restauran', '2025-03-12 14:47:10', '2025-03-12 14:47:10'),
(4, 'Hotel', '2025-03-12 14:47:10', '2025-03-12 14:47:10'),
(5, 'Area Parkir', '2025-03-12 14:47:10', '2025-03-12 14:47:10'),
(6, 'Tempat Sampah', '2025-03-12 14:47:10', '2025-03-12 14:47:10'),
(7, 'Pos Keamanan & Informasi', '2025-03-12 14:47:10', '2025-03-12 14:47:10'),
(8, 'Jalur Pejalan Kaki & Trekking', '2025-03-12 14:47:10', '2025-03-12 14:47:10'),
(9, 'Gazebo & Tempat Istirahat', '2025-03-12 14:47:10', '2025-03-12 14:47:10'),
(10, 'Mushola', '2025-03-12 14:47:10', '2025-03-12 14:47:10'),
(11, 'Toko Souvernir', '2025-03-12 14:47:10', '2025-03-12 14:47:10'),
(12, 'Area Camping', '2025-03-12 14:47:10', '2025-03-12 14:47:10'),
(13, 'Papan Informasi & Penunjuk Jalan', '2025-03-12 14:47:10', '2025-03-12 14:47:10');

-- --------------------------------------------------------

--
-- Table structure for table `fasilitas_wisata`
--


INSERT INTO `fasilitas_wisata` (`id`, `wisata_id`, `fasilitas_id`, `created_at`, `updated_at`) VALUES
(1, 2, 1, '2025-03-12 09:44:26', '2025-03-12 09:44:26'),
(2, 2, 5, '2025-03-12 09:44:26', '2025-03-12 09:44:26'),
(3, 2, 6, '2025-03-12 09:44:26', '2025-03-12 09:44:26'),
(4, 2, 10, '2025-03-12 09:44:26', '2025-03-12 09:44:26'),
(5, 16, 1, '2025-03-12 09:44:26', '2025-03-12 09:44:26'),
(6, 16, 5, '2025-03-12 09:44:26', '2025-03-12 09:44:26'),
(7, 16, 6, '2025-03-12 09:44:26', '2025-03-12 09:44:26'),
(8, 16, 9, '2025-03-12 09:44:26', '2025-03-12 09:44:26'),
(9, 16, 8, '2025-03-12 09:44:26', '2025-03-12 09:44:26'),
(10, 16, 10, '2025-03-12 09:44:26', '2025-03-12 09:44:26'),
(14, 46, 1, '2025-03-15 01:32:19', '2025-03-15 01:32:19'),
(15, 46, 4, '2025-03-15 01:32:19', '2025-03-15 01:32:19'),
(16, 46, 8, '2025-03-15 01:32:19', '2025-03-15 01:32:19'),
(17, 46, 5, '2025-03-15 01:32:19', '2025-03-15 01:32:19'),
(18, 46, 6, '2025-03-15 01:32:19', '2025-03-15 01:32:19'),
(19, 12, 1, '2025-03-15 01:34:11', '2025-03-15 01:34:11'),
(20, 12, 4, '2025-03-15 01:34:11', '2025-03-15 01:34:11'),
(21, 12, 8, '2025-03-15 01:34:11', '2025-03-15 01:34:11'),
(22, 12, 6, '2025-03-15 01:34:11', '2025-03-15 01:34:11');

-- --------------------------------------------------------

--
-- Table structure for table `kunjungan`
--


INSERT INTO `kunjungan` (`id`, `wisata_id`, `jumlah`, `bulan`, `tahun`, `created_at`, `updated_at`) VALUES
(1, 8, 45800, 1, 2018, '2025-03-14 23:10:10', '2025-03-14 23:10:10'),
(2, 10, 7844, 1, 2018, '2025-03-14 23:10:10', '2025-03-14 23:10:10'),
(3, 13, 80, 1, 2018, '2025-03-14 23:10:10', '2025-03-14 23:10:10'),
(4, 32, 1437, 1, 2018, '2025-03-14 23:10:10', '2025-03-14 23:10:10'),
(5, 27, 23600, 1, 2018, '2025-03-14 23:10:10', '2025-03-14 23:10:10'),
(6, 31, 4500, 1, 2018, '2025-03-14 23:10:10', '2025-03-14 23:10:10'),
(7, 26, 7488, 1, 2018, '2025-03-14 23:10:10', '2025-03-14 23:10:10'),
(8, 43, 269, 1, 2018, '2025-03-14 23:10:10', '2025-03-14 23:10:10'),
(9, 50, 499, 1, 2018, '2025-03-14 23:10:10', '2025-03-14 23:10:10'),
(10, 28, 1022, 1, 2018, '2025-03-14 23:10:10', '2025-03-14 23:10:10'),
(11, 14, 5450, 1, 2018, '2025-03-14 23:10:10', '2025-03-14 23:10:10'),
(12, 16, 6331, 1, 2018, '2025-03-14 23:10:10', '2025-03-14 23:10:10'),
(13, 18, 7805, 1, 2018, '2025-03-14 23:10:10', '2025-03-14 23:10:10'),
(14, 19, 4473, 1, 2018, '2025-03-14 23:10:10', '2025-03-14 23:10:10'),
(15, 1, 2336, 1, 2018, '2025-03-14 23:10:10', '2025-03-14 23:10:10'),
(16, 20, 502, 1, 2018, '2025-03-14 23:10:10', '2025-03-14 23:10:10'),
(17, 8, 38200, 2, 2018, '2025-03-14 23:10:10', '2025-03-14 23:10:10'),
(18, 10, 2320, 2, 2018, '2025-03-14 23:10:10', '2025-03-14 23:10:10'),
(19, 13, 120, 2, 2018, '2025-03-14 23:10:10', '2025-03-14 23:10:10'),
(20, 32, 90, 2, 2018, '2025-03-14 23:10:10', '2025-03-14 23:10:10'),
(21, 27, 12300, 2, 2018, '2025-03-14 23:10:10', '2025-03-14 23:10:10'),
(22, 31, 3500, 2, 2018, '2025-03-14 23:10:10', '2025-03-14 23:10:10'),
(23, 26, 3089, 2, 2018, '2025-03-14 23:10:10', '2025-03-14 23:10:10'),
(24, 43, 49, 2, 2018, '2025-03-14 23:10:10', '2025-03-14 23:10:10'),
(25, 50, 562, 2, 2018, '2025-03-14 23:10:10', '2025-03-14 23:10:10'),
(26, 28, 1538, 2, 2018, '2025-03-14 23:10:10', '2025-03-14 23:10:10'),
(27, 14, 3298, 2, 2018, '2025-03-14 23:10:10', '2025-03-14 23:10:10'),
(28, 16, 3474, 2, 2018, '2025-03-14 23:10:10', '2025-03-14 23:10:10'),
(29, 18, 5402, 2, 2018, '2025-03-14 23:10:10', '2025-03-14 23:10:10'),
(30, 19, 2741, 2, 2018, '2025-03-14 23:10:10', '2025-03-14 23:10:10'),
(31, 1, 1061, 2, 2018, '2025-03-14 23:10:10', '2025-03-14 23:10:10'),
(32, 20, 333, 2, 2018, '2025-03-14 23:10:10', '2025-03-14 23:10:10'),
(33, 8, 36650, 3, 2018, '2025-03-14 23:10:10', '2025-03-14 23:10:10'),
(34, 10, 1786, 3, 2018, '2025-03-14 23:10:10', '2025-03-14 23:10:10'),
(35, 13, 69, 3, 2018, '2025-03-14 23:10:10', '2025-03-14 23:10:10'),
(36, 32, 420, 3, 2018, '2025-03-14 23:10:10', '2025-03-14 23:10:10'),
(37, 27, 13200, 3, 2018, '2025-03-14 23:10:10', '2025-03-14 23:10:10'),
(38, 31, 2500, 3, 2018, '2025-03-14 23:10:10', '2025-03-14 23:10:10'),
(39, 26, 4265, 3, 2018, '2025-03-14 23:10:10', '2025-03-14 23:10:10'),
(40, 43, 446, 3, 2018, '2025-03-14 23:10:10', '2025-03-14 23:10:10'),
(41, 50, 663, 3, 2018, '2025-03-14 23:10:10', '2025-03-14 23:10:10'),
(42, 28, 994, 3, 2018, '2025-03-14 23:10:10', '2025-03-14 23:10:10'),
(43, 14, 3324, 3, 2018, '2025-03-14 23:10:10', '2025-03-14 23:10:10'),
(44, 16, 4769, 3, 2018, '2025-03-14 23:10:10', '2025-03-14 23:10:10'),
(45, 18, 8771, 3, 2018, '2025-03-14 23:10:10', '2025-03-14 23:10:10'),
(46, 19, 2905, 3, 2018, '2025-03-14 23:10:10', '2025-03-14 23:10:10'),
(47, 1, 1802, 3, 2018, '2025-03-14 23:10:10', '2025-03-14 23:10:10'),
(48, 20, 1582, 3, 2018, '2025-03-14 23:10:10', '2025-03-14 23:10:10'),
(49, 8, 44500, 4, 2018, '2025-03-14 23:10:10', '2025-03-14 23:10:10'),
(50, 10, 799, 4, 2018, '2025-03-14 23:10:10', '2025-03-14 23:10:10'),
(51, 13, 97, 4, 2018, '2025-03-14 23:10:10', '2025-03-14 23:10:10'),
(52, 32, 370, 4, 2018, '2025-03-14 23:10:10', '2025-03-14 23:10:10'),
(53, 27, 16000, 4, 2018, '2025-03-14 23:10:10', '2025-03-14 23:10:10'),
(54, 31, 2200, 4, 2018, '2025-03-14 23:10:10', '2025-03-14 23:10:10'),
(55, 26, 5647, 4, 2018, '2025-03-14 23:10:10', '2025-03-14 23:10:10'),
(56, 43, 512, 4, 2018, '2025-03-14 23:10:10', '2025-03-14 23:10:10'),
(57, 50, 589, 4, 2018, '2025-03-14 23:10:10', '2025-03-14 23:10:10'),
(58, 28, 924, 4, 2018, '2025-03-14 23:10:10', '2025-03-14 23:10:10'),
(59, 14, 3007, 4, 2018, '2025-03-14 23:10:10', '2025-03-14 23:10:10'),
(60, 16, 3870, 4, 2018, '2025-03-14 23:10:10', '2025-03-14 23:10:10'),
(61, 18, 7352, 4, 2018, '2025-03-14 23:10:10', '2025-03-14 23:10:10'),
(62, 19, 3910, 4, 2018, '2025-03-14 23:10:10', '2025-03-14 23:10:10'),
(63, 1, 1451, 4, 2018, '2025-03-14 23:10:10', '2025-03-14 23:10:10'),
(64, 20, 369, 4, 2018, '2025-03-14 23:10:10', '2025-03-14 23:10:10'),
(65, 8, 47400, 5, 2018, '2025-03-14 23:10:10', '2025-03-14 23:10:10'),
(66, 10, 2257, 5, 2018, '2025-03-14 23:10:10', '2025-03-14 23:10:10'),
(67, 13, 116, 5, 2018, '2025-03-14 23:10:10', '2025-03-14 23:10:10'),
(68, 32, 420, 5, 2018, '2025-03-14 23:10:10', '2025-03-14 23:10:10'),
(69, 27, 700, 5, 2018, '2025-03-14 23:10:10', '2025-03-14 23:10:10'),
(70, 31, 1200, 5, 2018, '2025-03-14 23:10:10', '2025-03-14 23:10:10'),
(71, 26, 3591, 5, 2018, '2025-03-14 23:10:10', '2025-03-14 23:10:10'),
(72, 43, 337, 5, 2018, '2025-03-14 23:10:10', '2025-03-14 23:10:10'),
(73, 50, 642, 5, 2018, '2025-03-14 23:10:10', '2025-03-14 23:10:10'),
(74, 28, 899, 5, 2018, '2025-03-14 23:10:10', '2025-03-14 23:10:10'),
(75, 14, 2815, 5, 2018, '2025-03-14 23:10:10', '2025-03-14 23:10:10'),
(76, 16, 3079, 5, 2018, '2025-03-14 23:10:10', '2025-03-14 23:10:10'),
(77, 18, 1351, 5, 2018, '2025-03-14 23:10:10', '2025-03-14 23:10:10'),
(78, 19, 3336, 5, 2018, '2025-03-14 23:10:10', '2025-03-14 23:10:10'),
(79, 1, 3200, 5, 2018, '2025-03-14 23:10:10', '2025-03-14 23:10:10'),
(80, 20, 325, 5, 2018, '2025-03-14 23:10:10', '2025-03-14 23:10:10'),
(81, 8, 46600, 6, 2018, '2025-03-14 23:10:10', '2025-03-14 23:10:10'),
(82, 10, 2167, 6, 2018, '2025-03-14 23:10:10', '2025-03-14 23:10:10'),
(83, 13, 264, 6, 2018, '2025-03-14 23:10:10', '2025-03-14 23:10:10'),
(84, 32, 6080, 6, 2018, '2025-03-14 23:10:10', '2025-03-14 23:10:10'),
(85, 27, 7500, 6, 2018, '2025-03-14 23:10:10', '2025-03-14 23:10:10'),
(86, 31, 27700, 6, 2018, '2025-03-14 23:10:10', '2025-03-14 23:10:10'),
(87, 26, 22349, 6, 2018, '2025-03-14 23:10:10', '2025-03-14 23:10:10'),
(88, 43, 1011, 6, 2018, '2025-03-14 23:10:10', '2025-03-14 23:10:10'),
(89, 50, 944, 6, 2018, '2025-03-14 23:10:10', '2025-03-14 23:10:10'),
(90, 28, 1225, 6, 2018, '2025-03-14 23:10:10', '2025-03-14 23:10:10'),
(91, 14, 4533, 6, 2018, '2025-03-14 23:10:10', '2025-03-14 23:10:10'),
(92, 16, 7212, 6, 2018, '2025-03-14 23:10:10', '2025-03-14 23:10:10'),
(93, 18, 4037, 6, 2018, '2025-03-14 23:10:10', '2025-03-14 23:10:10'),
(94, 19, 8881, 6, 2018, '2025-03-14 23:10:10', '2025-03-14 23:10:10'),
(95, 1, 3000, 6, 2018, '2025-03-14 23:10:10', '2025-03-14 23:10:10'),
(96, 20, 611, 6, 2018, '2025-03-14 23:10:10', '2025-03-14 23:10:10'),
(97, 8, 46200, 7, 2018, '2025-03-14 23:10:10', '2025-03-14 23:10:10'),
(98, 10, 1296, 7, 2018, '2025-03-14 23:10:10', '2025-03-14 23:10:10'),
(99, 13, 663, 7, 2018, '2025-03-14 23:10:10', '2025-03-14 23:10:10'),
(100, 32, 2736, 7, 2018, '2025-03-14 23:10:10', '2025-03-14 23:10:10'),
(101, 27, 27475, 7, 2018, '2025-03-14 23:10:10', '2025-03-14 23:10:10'),
(102, 31, 0, 7, 2018, '2025-03-14 23:10:10', '2025-03-14 23:10:10'),
(103, 26, 9642, 7, 2018, '2025-03-14 23:10:10', '2025-03-14 23:10:10'),
(104, 43, 822, 7, 2018, '2025-03-14 23:10:10', '2025-03-14 23:10:10'),
(105, 50, 872, 7, 2018, '2025-03-14 23:10:10', '2025-03-14 23:10:10'),
(106, 28, 1524, 7, 2018, '2025-03-14 23:10:10', '2025-03-14 23:10:10'),
(107, 14, 3505, 7, 2018, '2025-03-14 23:10:10', '2025-03-14 23:10:10'),
(108, 16, 5798, 7, 2018, '2025-03-14 23:10:10', '2025-03-14 23:10:10'),
(109, 18, 6380, 7, 2018, '2025-03-14 23:10:10', '2025-03-14 23:10:10'),
(110, 19, 8040, 7, 2018, '2025-03-14 23:10:10', '2025-03-14 23:10:10'),
(111, 1, 3021, 7, 2018, '2025-03-14 23:10:10', '2025-03-14 23:10:10'),
(112, 20, 638, 7, 2018, '2025-03-14 23:10:10', '2025-03-14 23:10:10'),
(113, 8, 44300, 8, 2018, '2025-03-14 23:10:10', '2025-03-14 23:10:10'),
(114, 10, 906, 8, 2018, '2025-03-14 23:10:10', '2025-03-14 23:10:10'),
(115, 13, 176, 8, 2018, '2025-03-14 23:10:10', '2025-03-14 23:10:10'),
(116, 32, 953, 8, 2018, '2025-03-14 23:10:10', '2025-03-14 23:10:10'),
(117, 27, 7400, 8, 2018, '2025-03-14 23:10:10', '2025-03-14 23:10:10'),
(118, 31, 2000, 8, 2018, '2025-03-14 23:10:10', '2025-03-14 23:10:10'),
(119, 26, 8638, 8, 2018, '2025-03-14 23:10:10', '2025-03-14 23:10:10'),
(120, 43, 746, 8, 2018, '2025-03-14 23:10:10', '2025-03-14 23:10:10'),
(121, 50, 863, 8, 2018, '2025-03-14 23:10:10', '2025-03-14 23:10:10'),
(122, 28, 1779, 8, 2018, '2025-03-14 23:10:10', '2025-03-14 23:10:10'),
(123, 14, 2050, 8, 2018, '2025-03-14 23:10:10', '2025-03-14 23:10:10'),
(124, 16, 2210, 8, 2018, '2025-03-14 23:10:10', '2025-03-14 23:10:10'),
(125, 18, 3899, 8, 2018, '2025-03-14 23:10:10', '2025-03-14 23:10:10'),
(126, 19, 3831, 8, 2018, '2025-03-14 23:10:10', '2025-03-14 23:10:10'),
(127, 1, 600, 8, 2018, '2025-03-14 23:10:10', '2025-03-14 23:10:10'),
(128, 20, 721, 8, 2018, '2025-03-14 23:10:10', '2025-03-14 23:10:10'),
(129, 8, 41447, 9, 2018, '2025-03-14 23:10:10', '2025-03-14 23:10:10'),
(130, 10, 1056, 9, 2018, '2025-03-14 23:10:10', '2025-03-14 23:10:10'),
(131, 13, 270, 9, 2018, '2025-03-14 23:10:10', '2025-03-14 23:10:10'),
(132, 32, 1706, 9, 2018, '2025-03-14 23:10:10', '2025-03-14 23:10:10'),
(133, 27, 11665, 9, 2018, '2025-03-14 23:10:10', '2025-03-14 23:10:10'),
(134, 31, 2100, 9, 2018, '2025-03-14 23:10:10', '2025-03-14 23:10:10'),
(135, 26, 5379, 9, 2018, '2025-03-14 23:10:10', '2025-03-14 23:10:10'),
(136, 43, 374, 9, 2018, '2025-03-14 23:10:10', '2025-03-14 23:10:10'),
(137, 50, 421, 9, 2018, '2025-03-14 23:10:10', '2025-03-14 23:10:10'),
(138, 28, 886, 9, 2018, '2025-03-14 23:10:10', '2025-03-14 23:10:10'),
(139, 14, 952, 9, 2018, '2025-03-14 23:10:10', '2025-03-14 23:10:10'),
(140, 16, 1357, 9, 2018, '2025-03-14 23:10:10', '2025-03-14 23:10:10'),
(141, 18, 5720, 9, 2018, '2025-03-14 23:10:10', '2025-03-14 23:10:10'),
(142, 19, 3378, 9, 2018, '2025-03-14 23:10:10', '2025-03-14 23:10:10'),
(143, 1, 2145, 9, 2018, '2025-03-14 23:10:10', '2025-03-14 23:10:10'),
(144, 20, 224, 9, 2018, '2025-03-14 23:10:10', '2025-03-14 23:10:10'),
(145, 8, 44969, 10, 2018, '2025-03-14 23:10:10', '2025-03-14 23:10:10'),
(146, 10, 1121, 10, 2018, '2025-03-14 23:10:10', '2025-03-14 23:10:10'),
(147, 13, 164, 10, 2018, '2025-03-14 23:10:10', '2025-03-14 23:10:10'),
(148, 32, 1193, 10, 2018, '2025-03-14 23:10:10', '2025-03-14 23:10:10'),
(149, 27, 11400, 10, 2018, '2025-03-14 23:10:10', '2025-03-14 23:10:10'),
(150, 31, 3200, 10, 2018, '2025-03-14 23:10:10', '2025-03-14 23:10:10'),
(151, 26, 4485, 10, 2018, '2025-03-14 23:10:10', '2025-03-14 23:10:10'),
(152, 43, 469, 10, 2018, '2025-03-14 23:10:10', '2025-03-14 23:10:10'),
(153, 50, 355, 10, 2018, '2025-03-14 23:10:10', '2025-03-14 23:10:10'),
(154, 28, 957, 10, 2018, '2025-03-14 23:10:10', '2025-03-14 23:10:10'),
(155, 14, 1127, 10, 2018, '2025-03-14 23:10:10', '2025-03-14 23:10:10'),
(156, 16, 1826, 10, 2018, '2025-03-14 23:10:10', '2025-03-14 23:10:10'),
(157, 18, 8326, 10, 2018, '2025-03-14 23:10:10', '2025-03-14 23:10:10'),
(158, 19, 3799, 10, 2018, '2025-03-14 23:10:10', '2025-03-14 23:10:10'),
(159, 1, 1021, 10, 2018, '2025-03-14 23:10:10', '2025-03-14 23:10:10'),
(160, 20, 126, 10, 2018, '2025-03-14 23:10:10', '2025-03-14 23:10:10'),
(161, 8, 49388, 11, 2018, '2025-03-14 23:10:10', '2025-03-14 23:10:10'),
(162, 10, 72, 11, 2018, '2025-03-14 23:10:10', '2025-03-14 23:10:10'),
(163, 13, 98, 11, 2018, '2025-03-14 23:10:10', '2025-03-14 23:10:10'),
(164, 32, 789, 11, 2018, '2025-03-14 23:10:10', '2025-03-14 23:10:10'),
(165, 27, 8998, 11, 2018, '2025-03-14 23:10:10', '2025-03-14 23:10:10'),
(166, 31, 2536, 11, 2018, '2025-03-14 23:10:10', '2025-03-14 23:10:10'),
(167, 26, 7134, 11, 2018, '2025-03-14 23:10:10', '2025-03-14 23:10:10'),
(168, 43, 411, 11, 2018, '2025-03-14 23:10:10', '2025-03-14 23:10:10'),
(169, 50, 421, 11, 2018, '2025-03-14 23:10:10', '2025-03-14 23:10:10'),
(170, 28, 1122, 11, 2018, '2025-03-14 23:10:10', '2025-03-14 23:10:10'),
(171, 14, 963, 11, 2018, '2025-03-14 23:10:10', '2025-03-14 23:10:10'),
(172, 16, 2048, 11, 2018, '2025-03-14 23:10:10', '2025-03-14 23:10:10'),
(173, 18, 7684, 11, 2018, '2025-03-14 23:10:10', '2025-03-14 23:10:10'),
(174, 19, 3852, 11, 2018, '2025-03-14 23:10:10', '2025-03-14 23:10:10'),
(175, 1, 990, 11, 2018, '2025-03-14 23:10:10', '2025-03-14 23:10:10'),
(176, 20, 243, 11, 2018, '2025-03-14 23:10:10', '2025-03-14 23:10:10'),
(177, 8, 75483, 12, 2018, '2025-03-14 23:10:10', '2025-03-14 23:10:10'),
(178, 10, 2132, 12, 2018, '2025-03-14 23:10:10', '2025-03-14 23:10:10'),
(179, 13, 347, 12, 2018, '2025-03-14 23:10:10', '2025-03-14 23:10:10'),
(180, 32, 3600, 12, 2018, '2025-03-14 23:10:10', '2025-03-14 23:10:10'),
(181, 27, 20790, 12, 2018, '2025-03-14 23:10:10', '2025-03-14 23:10:10'),
(182, 31, 7743, 12, 2018, '2025-03-14 23:10:10', '2025-03-14 23:10:10'),
(183, 26, 9115, 12, 2018, '2025-03-14 23:10:10', '2025-03-14 23:10:10'),
(184, 43, 932, 12, 2018, '2025-03-14 23:10:10', '2025-03-14 23:10:10'),
(185, 50, 663, 12, 2018, '2025-03-14 23:10:10', '2025-03-14 23:10:10'),
(186, 28, 2102, 12, 2018, '2025-03-14 23:10:10', '2025-03-14 23:10:10'),
(187, 14, 1379, 12, 2018, '2025-03-14 23:10:10', '2025-03-14 23:10:10'),
(188, 16, 2409, 12, 2018, '2025-03-14 23:10:10', '2025-03-14 23:10:10'),
(189, 18, 18912, 12, 2018, '2025-03-14 23:10:10', '2025-03-14 23:10:10'),
(190, 19, 10242, 12, 2018, '2025-03-14 23:10:10', '2025-03-14 23:10:10'),
(191, 1, 4498, 12, 2018, '2025-03-14 23:10:10', '2025-03-14 23:10:10'),
(192, 20, 442, 12, 2018, '2025-03-14 23:10:10', '2025-03-14 23:10:10'),
(193, 32, 2200, 1, 2019, '2025-03-14 23:10:10', '2025-03-14 23:10:10'),
(194, 27, 23915, 1, 2019, '2025-03-14 23:10:10', '2025-03-14 23:10:10'),
(195, 31, 5477, 1, 2019, '2025-03-14 23:10:10', '2025-03-14 23:10:10'),
(196, 26, 3439, 1, 2019, '2025-03-14 23:10:10', '2025-03-14 23:10:10'),
(197, 43, 271, 1, 2019, '2025-03-14 23:10:10', '2025-03-14 23:10:10'),
(198, 50, 474, 1, 2019, '2025-03-14 23:10:10', '2025-03-14 23:10:10'),
(199, 28, 1097, 1, 2019, '2025-03-14 23:10:10', '2025-03-14 23:10:10'),
(200, 13, 216, 1, 2019, '2025-03-14 23:10:10', '2025-03-14 23:10:10'),
(201, 1, 6578, 1, 2019, '2025-03-14 23:10:10', '2025-03-14 23:10:10'),
(202, 3, 0, 1, 2019, '2025-03-14 23:10:10', '2025-03-14 23:10:10'),
(203, 8, 60486, 1, 2019, '2025-03-14 23:10:10', '2025-03-14 23:10:10'),
(204, 10, 2136, 1, 2019, '2025-03-14 23:10:10', '2025-03-14 23:10:10'),
(205, 14, 2725, 1, 2019, '2025-03-14 23:10:10', '2025-03-14 23:10:10'),
(206, 16, 2803, 1, 2019, '2025-03-14 23:10:10', '2025-03-14 23:10:10'),
(207, 19, 10965, 1, 2019, '2025-03-14 23:10:10', '2025-03-14 23:10:10'),
(208, 20, 638, 1, 2019, '2025-03-14 23:10:10', '2025-03-14 23:10:10'),
(209, 39, 390, 1, 2019, '2025-03-14 23:10:10', '2025-03-14 23:10:10'),
(210, 15, 1123, 1, 2019, '2025-03-14 23:10:10', '2025-03-14 23:10:10'),
(211, 17, 2132, 1, 2019, '2025-03-14 23:10:10', '2025-03-14 23:10:10'),
(212, 18, 15311, 1, 2019, '2025-03-14 23:10:10', '2025-03-14 23:10:10'),
(213, 32, 560, 2, 2019, '2025-03-14 23:10:10', '2025-03-14 23:10:10'),
(214, 27, 15989, 2, 2019, '2025-03-14 23:10:10', '2025-03-14 23:10:10'),
(215, 31, 3500, 2, 2019, '2025-03-14 23:10:10', '2025-03-14 23:10:10'),
(216, 26, 1817, 2, 2019, '2025-03-14 23:10:10', '2025-03-14 23:10:10'),
(217, 43, 49, 2, 2019, '2025-03-14 23:10:10', '2025-03-14 23:10:10'),
(218, 50, 537, 2, 2019, '2025-03-14 23:10:10', '2025-03-14 23:10:10'),
(219, 28, 1288, 2, 2019, '2025-03-14 23:10:10', '2025-03-14 23:10:10'),
(220, 13, 187, 2, 2019, '2025-03-14 23:10:10', '2025-03-14 23:10:10'),
(221, 1, 2333, 2, 2019, '2025-03-14 23:10:10', '2025-03-14 23:10:10'),
(222, 3, 0, 2, 2019, '2025-03-14 23:10:10', '2025-03-14 23:10:10'),
(223, 8, 50515, 2, 2019, '2025-03-14 23:10:10', '2025-03-14 23:10:10'),
(224, 10, 853, 2, 2019, '2025-03-14 23:10:10', '2025-03-14 23:10:10'),
(225, 14, 1327, 2, 2019, '2025-03-14 23:10:10', '2025-03-14 23:10:10'),
(226, 16, 1233, 2, 2019, '2025-03-14 23:10:10', '2025-03-14 23:10:10'),
(227, 19, 4836, 2, 2019, '2025-03-14 23:10:10', '2025-03-14 23:10:10'),
(228, 20, 408, 2, 2019, '2025-03-14 23:10:10', '2025-03-14 23:10:10'),
(229, 39, 254, 2, 2019, '2025-03-14 23:10:10', '2025-03-14 23:10:10'),
(230, 15, 274, 2, 2019, '2025-03-14 23:10:10', '2025-03-14 23:10:10'),
(231, 17, 3466, 2, 2019, '2025-03-14 23:10:10', '2025-03-14 23:10:10'),
(232, 18, 9032, 2, 2019, '2025-03-14 23:10:10', '2025-03-14 23:10:10'),
(233, 32, 460, 3, 2019, '2025-03-14 23:10:10', '2025-03-14 23:10:10'),
(234, 27, 9098, 3, 2019, '2025-03-14 23:10:10', '2025-03-14 23:10:10'),
(235, 31, 2500, 3, 2019, '2025-03-14 23:10:10', '2025-03-14 23:10:10'),
(236, 26, 1146, 3, 2019, '2025-03-14 23:10:10', '2025-03-14 23:10:10'),
(237, 43, 446, 3, 2019, '2025-03-14 23:10:10', '2025-03-14 23:10:10'),
(238, 50, 638, 3, 2019, '2025-03-14 23:10:10', '2025-03-14 23:10:10'),
(239, 28, 844, 3, 2019, '2025-03-14 23:10:10', '2025-03-14 23:10:10'),
(240, 13, 62, 3, 2019, '2025-03-14 23:10:10', '2025-03-14 23:10:10'),
(241, 1, 802, 3, 2019, '2025-03-14 23:10:10', '2025-03-14 23:10:10'),
(242, 3, 0, 3, 2019, '2025-03-14 23:10:10', '2025-03-14 23:10:10'),
(243, 8, 49250, 3, 2019, '2025-03-14 23:10:10', '2025-03-14 23:10:10'),
(244, 10, 877, 3, 2019, '2025-03-14 23:10:10', '2025-03-14 23:10:10'),
(245, 14, 3324, 3, 2019, '2025-03-14 23:10:10', '2025-03-14 23:10:10'),
(246, 16, 819, 3, 2019, '2025-03-14 23:10:10', '2025-03-14 23:10:10'),
(247, 19, 3215, 3, 2019, '2025-03-14 23:10:10', '2025-03-14 23:10:10'),
(248, 20, 394, 3, 2019, '2025-03-14 23:10:10', '2025-03-14 23:10:10'),
(249, 39, 206, 3, 2019, '2025-03-14 23:10:10', '2025-03-14 23:10:10'),
(250, 15, 450, 3, 2019, '2025-03-14 23:10:10', '2025-03-14 23:10:10'),
(251, 17, 1910, 3, 2019, '2025-03-14 23:10:10', '2025-03-14 23:10:10'),
(252, 18, 8004, 3, 2019, '2025-03-14 23:10:10', '2025-03-14 23:10:10'),
(253, 32, 1300, 4, 2019, '2025-03-14 23:10:10', '2025-03-14 23:10:10'),
(254, 27, 9998, 4, 2019, '2025-03-14 23:10:10', '2025-03-14 23:10:10'),
(255, 31, 2200, 4, 2019, '2025-03-14 23:10:10', '2025-03-14 23:10:10'),
(256, 26, 2103, 4, 2019, '2025-03-14 23:10:10', '2025-03-14 23:10:10'),
(257, 43, 512, 4, 2019, '2025-03-14 23:10:10', '2025-03-14 23:10:10'),
(258, 50, 564, 4, 2019, '2025-03-14 23:10:10', '2025-03-14 23:10:10'),
(259, 28, 774, 4, 2019, '2025-03-14 23:10:10', '2025-03-14 23:10:10'),
(260, 13, 163, 4, 2019, '2025-03-14 23:10:10', '2025-03-14 23:10:10'),
(261, 1, 1270, 4, 2019, '2025-03-14 23:10:10', '2025-03-14 23:10:10'),
(262, 3, 0, 4, 2019, '2025-03-14 23:10:10', '2025-03-14 23:10:10'),
(263, 8, 56455, 4, 2019, '2025-03-14 23:10:10', '2025-03-14 23:10:10'),
(264, 10, 602, 4, 2019, '2025-03-14 23:10:10', '2025-03-14 23:10:10'),
(265, 14, 307, 4, 2019, '2025-03-14 23:10:10', '2025-03-14 23:10:10'),
(266, 16, 1104, 4, 2019, '2025-03-14 23:10:10', '2025-03-14 23:10:10'),
(267, 19, 4589, 4, 2019, '2025-03-14 23:10:10', '2025-03-14 23:10:10'),
(268, 20, 560, 4, 2019, '2025-03-14 23:10:10', '2025-03-14 23:10:10'),
(269, 39, 335, 4, 2019, '2025-03-14 23:10:10', '2025-03-14 23:10:10'),
(270, 15, 701, 4, 2019, '2025-03-14 23:10:10', '2025-03-14 23:10:10'),
(271, 17, 1507, 4, 2019, '2025-03-14 23:10:10', '2025-03-14 23:10:10'),
(272, 18, 8341, 4, 2019, '2025-03-14 23:10:10', '2025-03-14 23:10:10'),
(273, 32, 2100, 5, 2019, '2025-03-14 23:10:10', '2025-03-14 23:10:10'),
(274, 27, 13298, 5, 2019, '2025-03-14 23:10:10', '2025-03-14 23:10:10'),
(275, 31, 1200, 5, 2019, '2025-03-14 23:10:10', '2025-03-14 23:10:10'),
(276, 26, 1065, 5, 2019, '2025-03-14 23:10:10', '2025-03-14 23:10:10'),
(277, 43, 337, 5, 2019, '2025-03-14 23:10:10', '2025-03-14 23:10:10'),
(278, 50, 617, 5, 2019, '2025-03-14 23:10:10', '2025-03-14 23:10:10'),
(279, 28, 749, 5, 2019, '2025-03-14 23:10:10', '2025-03-14 23:10:10'),
(280, 13, 202, 5, 2019, '2025-03-14 23:10:10', '2025-03-14 23:10:10'),
(281, 1, 1301, 5, 2019, '2025-03-14 23:10:10', '2025-03-14 23:10:10'),
(282, 3, 0, 5, 2019, '2025-03-14 23:10:10', '2025-03-14 23:10:10'),
(283, 8, 52485, 5, 2019, '2025-03-14 23:10:10', '2025-03-14 23:10:10'),
(284, 10, 568, 5, 2019, '2025-03-14 23:10:10', '2025-03-14 23:10:10'),
(285, 14, 2815, 5, 2019, '2025-03-14 23:10:10', '2025-03-14 23:10:10'),
(286, 16, 749, 5, 2019, '2025-03-14 23:10:10', '2025-03-14 23:10:10'),
(287, 19, 2337, 5, 2019, '2025-03-14 23:10:10', '2025-03-14 23:10:10'),
(288, 20, 249, 5, 2019, '2025-03-14 23:10:10', '2025-03-14 23:10:10'),
(289, 39, 207, 5, 2019, '2025-03-14 23:10:10', '2025-03-14 23:10:10'),
(290, 15, 1000, 5, 2019, '2025-03-14 23:10:10', '2025-03-14 23:10:10'),
(291, 17, 568, 5, 2019, '2025-03-14 23:10:10', '2025-03-14 23:10:10'),
(292, 18, 53601, 5, 2019, '2025-03-14 23:10:10', '2025-03-14 23:10:10'),
(293, 32, 5130, 6, 2019, '2025-03-14 23:10:10', '2025-03-14 23:10:10'),
(294, 27, 6101, 6, 2019, '2025-03-14 23:10:10', '2025-03-14 23:10:10'),
(295, 31, 15502, 6, 2019, '2025-03-14 23:10:10', '2025-03-14 23:10:10'),
(296, 26, 7118, 6, 2019, '2025-03-14 23:10:10', '2025-03-14 23:10:10'),
(297, 43, 1011, 6, 2019, '2025-03-14 23:10:10', '2025-03-14 23:10:10'),
(298, 50, 919, 6, 2019, '2025-03-14 23:10:10', '2025-03-14 23:10:10'),
(299, 28, 1225, 6, 2019, '2025-03-14 23:10:10', '2025-03-14 23:10:10'),
(300, 13, 326, 6, 2019, '2025-03-14 23:10:10', '2025-03-14 23:10:10'),
(301, 1, 9366, 6, 2019, '2025-03-14 23:10:10', '2025-03-14 23:10:10'),
(302, 3, 57, 6, 2019, '2025-03-14 23:10:10', '2025-03-14 23:10:10'),
(303, 8, 70595, 6, 2019, '2025-03-14 23:10:10', '2025-03-14 23:10:10'),
(304, 10, 2301, 6, 2019, '2025-03-14 23:10:10', '2025-03-14 23:10:10'),
(305, 14, 4533, 6, 2019, '2025-03-14 23:10:10', '2025-03-14 23:10:10'),
(306, 16, 4194, 6, 2019, '2025-03-14 23:10:10', '2025-03-14 23:10:10'),
(307, 19, 12963, 6, 2019, '2025-03-14 23:10:10', '2025-03-14 23:10:10'),
(308, 20, 602, 6, 2019, '2025-03-14 23:10:10', '2025-03-14 23:10:10'),
(309, 39, 856, 6, 2019, '2025-03-14 23:10:10', '2025-03-14 23:10:10'),
(310, 15, 1855, 6, 2019, '2025-03-14 23:10:10', '2025-03-14 23:10:10'),
(311, 17, 2380, 6, 2019, '2025-03-14 23:10:10', '2025-03-14 23:10:10'),
(312, 18, 12034, 6, 2019, '2025-03-14 23:10:10', '2025-03-14 23:10:10'),
(313, 32, 1870, 7, 2019, '2025-03-14 23:10:10', '2025-03-14 23:10:10'),
(314, 27, 30205, 7, 2019, '2025-03-14 23:10:10', '2025-03-14 23:10:10'),
(315, 31, 2325, 7, 2019, '2025-03-14 23:10:10', '2025-03-14 23:10:10'),
(316, 26, 1871, 7, 2019, '2025-03-14 23:10:10', '2025-03-14 23:10:10'),
(317, 43, 822, 7, 2019, '2025-03-14 23:10:10', '2025-03-14 23:10:10'),
(318, 50, 847, 7, 2019, '2025-03-14 23:10:10', '2025-03-14 23:10:10'),
(319, 28, 1374, 7, 2019, '2025-03-14 23:10:10', '2025-03-14 23:10:10'),
(320, 13, 321, 7, 2019, '2025-03-14 23:10:10', '2025-03-14 23:10:10'),
(321, 1, 5716, 7, 2019, '2025-03-14 23:10:10', '2025-03-14 23:10:10'),
(322, 3, 141, 7, 2019, '2025-03-14 23:10:10', '2025-03-14 23:10:10'),
(323, 8, 61770, 7, 2019, '2025-03-14 23:10:10', '2025-03-14 23:10:10'),
(324, 10, 1150, 7, 2019, '2025-03-14 23:10:10', '2025-03-14 23:10:10'),
(325, 14, 3505, 7, 2019, '2025-03-14 23:10:10', '2025-03-14 23:10:10'),
(326, 16, 2275, 7, 2019, '2025-03-14 23:10:10', '2025-03-14 23:10:10'),
(327, 19, 8846, 7, 2019, '2025-03-14 23:10:10', '2025-03-14 23:10:10'),
(328, 20, 507, 7, 2019, '2025-03-14 23:10:10', '2025-03-14 23:10:10'),
(329, 39, 289, 7, 2019, '2025-03-14 23:10:10', '2025-03-14 23:10:10'),
(330, 15, 2109, 7, 2019, '2025-03-14 23:10:10', '2025-03-14 23:10:10'),
(331, 17, 2121, 7, 2019, '2025-03-14 23:10:10', '2025-03-14 23:10:10'),
(332, 18, 11748, 7, 2019, '2025-03-14 23:10:10', '2025-03-14 23:10:10'),
(333, 32, 2747, 8, 2019, '2025-03-14 23:10:10', '2025-03-14 23:10:10'),
(334, 27, 21403, 8, 2019, '2025-03-14 23:10:10', '2025-03-14 23:10:10'),
(335, 31, 2000, 8, 2019, '2025-03-14 23:10:10', '2025-03-14 23:10:10'),
(336, 26, 710, 8, 2019, '2025-03-14 23:10:10', '2025-03-14 23:10:10'),
(337, 43, 746, 8, 2019, '2025-03-14 23:10:10', '2025-03-14 23:10:10'),
(338, 50, 838, 8, 2019, '2025-03-14 23:10:10', '2025-03-14 23:10:10'),
(339, 28, 1429, 8, 2019, '2025-03-14 23:10:10', '2025-03-14 23:10:10'),
(340, 13, 423, 8, 2019, '2025-03-14 23:10:10', '2025-03-14 23:10:10'),
(341, 1, 2637, 8, 2019, '2025-03-14 23:10:10', '2025-03-14 23:10:10'),
(342, 3, 32, 8, 2019, '2025-03-14 23:10:10', '2025-03-14 23:10:10'),
(343, 8, 51870, 8, 2019, '2025-03-14 23:10:10', '2025-03-14 23:10:10'),
(344, 10, 473, 8, 2019, '2025-03-14 23:10:10', '2025-03-14 23:10:10'),
(345, 14, 2050, 8, 2019, '2025-03-14 23:10:10', '2025-03-14 23:10:10'),
(346, 16, 851, 8, 2019, '2025-03-14 23:10:10', '2025-03-14 23:10:10'),
(347, 19, 4090, 8, 2019, '2025-03-14 23:10:10', '2025-03-14 23:10:10'),
(348, 20, 451, 8, 2019, '2025-03-14 23:10:10', '2025-03-14 23:10:10'),
(349, 39, 224, 8, 2019, '2025-03-14 23:10:10', '2025-03-14 23:10:10'),
(350, 15, 845, 8, 2019, '2025-03-14 23:10:10', '2025-03-14 23:10:10'),
(351, 17, 345, 8, 2019, '2025-03-14 23:10:10', '2025-03-14 23:10:10'),
(352, 18, 4563, 8, 2019, '2025-03-14 23:10:10', '2025-03-14 23:10:10'),
(353, 32, 1456, 9, 2019, '2025-03-14 23:10:10', '2025-03-14 23:10:10'),
(354, 27, 7001, 9, 2019, '2025-03-14 23:10:10', '2025-03-14 23:10:10'),
(355, 31, 2225, 9, 2019, '2025-03-14 23:10:10', '2025-03-14 23:10:10'),
(356, 26, 661, 9, 2019, '2025-03-14 23:10:10', '2025-03-14 23:10:10'),
(357, 43, 126, 9, 2019, '2025-03-14 23:10:10', '2025-03-14 23:10:10'),
(358, 50, 396, 9, 2019, '2025-03-14 23:10:10', '2025-03-14 23:10:10'),
(359, 28, 761, 9, 2019, '2025-03-14 23:10:10', '2025-03-14 23:10:10'),
(360, 13, 312, 9, 2019, '2025-03-14 23:10:10', '2025-03-14 23:10:10'),
(361, 1, 2423, 9, 2019, '2025-03-14 23:10:10', '2025-03-14 23:10:10'),
(362, 3, 75, 9, 2019, '2025-03-14 23:10:10', '2025-03-14 23:10:10'),
(363, 8, 52520, 9, 2019, '2025-03-14 23:10:10', '2025-03-14 23:10:10'),
(364, 10, 799, 9, 2019, '2025-03-14 23:10:10', '2025-03-14 23:10:10'),
(365, 14, 850, 9, 2019, '2025-03-14 23:10:10', '2025-03-14 23:10:10'),
(366, 16, 662, 9, 2019, '2025-03-14 23:10:10', '2025-03-14 23:10:10'),
(367, 19, 4297, 9, 2019, '2025-03-14 23:10:10', '2025-03-14 23:10:10'),
(368, 20, 228, 9, 2019, '2025-03-14 23:10:10', '2025-03-14 23:10:10'),
(369, 39, 150, 9, 2019, '2025-03-14 23:10:10', '2025-03-14 23:10:10'),
(370, 15, 1211, 9, 2019, '2025-03-14 23:10:10', '2025-03-14 23:10:10'),
(371, 17, 619, 9, 2019, '2025-03-14 23:10:10', '2025-03-14 23:10:10'),
(372, 18, 5514, 9, 2019, '2025-03-14 23:10:10', '2025-03-14 23:10:10'),
(373, 32, 1043, 10, 2019, '2025-03-14 23:10:10', '2025-03-14 23:10:10'),
(374, 27, 7000, 10, 2019, '2025-03-14 23:10:10', '2025-03-14 23:10:10'),
(375, 31, 3356, 10, 2019, '2025-03-14 23:10:10', '2025-03-14 23:10:10'),
(376, 26, 985, 10, 2019, '2025-03-14 23:10:10', '2025-03-14 23:10:10'),
(377, 43, 134, 10, 2019, '2025-03-14 23:10:10', '2025-03-14 23:10:10'),
(378, 50, 330, 10, 2019, '2025-03-14 23:10:10', '2025-03-14 23:10:10'),
(379, 28, 832, 10, 2019, '2025-03-14 23:10:10', '2025-03-14 23:10:10'),
(380, 13, 329, 10, 2019, '2025-03-14 23:10:10', '2025-03-14 23:10:10'),
(381, 1, 2882, 10, 2019, '2025-03-14 23:10:10', '2025-03-14 23:10:10'),
(382, 3, 0, 10, 2019, '2025-03-14 23:10:10', '2025-03-14 23:10:10'),
(383, 8, 54840, 10, 2019, '2025-03-14 23:10:10', '2025-03-14 23:10:10'),
(384, 10, 752, 10, 2019, '2025-03-14 23:10:10', '2025-03-14 23:10:10'),
(385, 14, 1155, 10, 2019, '2025-03-14 23:10:10', '2025-03-14 23:10:10'),
(386, 16, 1642, 10, 2019, '2025-03-14 23:10:10', '2025-03-14 23:10:10'),
(387, 19, 4990, 10, 2019, '2025-03-14 23:10:10', '2025-03-14 23:10:10'),
(388, 20, 444, 10, 2019, '2025-03-14 23:10:10', '2025-03-14 23:10:10'),
(389, 39, 161, 10, 2019, '2025-03-14 23:10:10', '2025-03-14 23:10:10'),
(390, 15, 1592, 10, 2019, '2025-03-14 23:10:10', '2025-03-14 23:10:10'),
(391, 17, 219, 10, 2019, '2025-03-14 23:10:10', '2025-03-14 23:10:10'),
(392, 18, 9467, 10, 2019, '2025-03-14 23:10:10', '2025-03-14 23:10:10'),
(393, 32, 639, 11, 2019, '2025-03-14 23:10:10', '2025-03-14 23:10:10'),
(394, 27, 15002, 11, 2019, '2025-03-14 23:10:10', '2025-03-14 23:10:10'),
(395, 31, 2751, 11, 2019, '2025-03-14 23:10:10', '2025-03-14 23:10:10'),
(396, 26, 1334, 11, 2019, '2025-03-14 23:10:10', '2025-03-14 23:10:10'),
(397, 43, 116, 11, 2019, '2025-03-14 23:10:10', '2025-03-14 23:10:10'),
(398, 50, 396, 11, 2019, '2025-03-14 23:10:10', '2025-03-14 23:10:10'),
(399, 28, 1097, 11, 2019, '2025-03-14 23:10:10', '2025-03-14 23:10:10'),
(400, 13, 438, 11, 2019, '2025-03-14 23:10:10', '2025-03-14 23:10:10'),
(401, 1, 3357, 11, 2019, '2025-03-14 23:10:10', '2025-03-14 23:10:10'),
(402, 3, 0, 11, 2019, '2025-03-14 23:10:10', '2025-03-14 23:10:10'),
(403, 8, 53700, 11, 2019, '2025-03-14 23:10:10', '2025-03-14 23:10:10'),
(404, 10, 1203, 11, 2019, '2025-03-14 23:10:10', '2025-03-14 23:10:10'),
(405, 14, 1049, 11, 2019, '2025-03-14 23:10:10', '2025-03-14 23:10:10'),
(406, 16, 882, 11, 2019, '2025-03-14 23:10:10', '2025-03-14 23:10:10'),
(407, 19, 5756, 11, 2019, '2025-03-14 23:10:10', '2025-03-14 23:10:10'),
(408, 20, 441, 11, 2019, '2025-03-14 23:10:10', '2025-03-14 23:10:10'),
(409, 39, 88, 11, 2019, '2025-03-14 23:10:10', '2025-03-14 23:10:10'),
(410, 15, 1572, 11, 2019, '2025-03-14 23:10:10', '2025-03-14 23:10:10'),
(411, 17, 659, 11, 2019, '2025-03-14 23:10:10', '2025-03-14 23:10:10'),
(412, 18, 9162, 11, 2019, '2025-03-14 23:10:10', '2025-03-14 23:10:10'),
(413, 32, 1115, 12, 2019, '2025-03-14 23:10:10', '2025-03-14 23:10:10'),
(414, 27, 30000, 12, 2019, '2025-03-14 23:10:10', '2025-03-14 23:10:10'),
(415, 31, 9743, 12, 2019, '2025-03-14 23:10:10', '2025-03-14 23:10:10'),
(416, 26, 3115, 12, 2019, '2025-03-14 23:10:10', '2025-03-14 23:10:10'),
(417, 43, 269, 12, 2019, '2025-03-14 23:10:10', '2025-03-14 23:10:10'),
(418, 50, 663, 12, 2019, '2025-03-14 23:10:10', '2025-03-14 23:10:10'),
(419, 28, 2102, 12, 2019, '2025-03-14 23:10:10', '2025-03-14 23:10:10'),
(420, 13, 429, 12, 2019, '2025-03-14 23:10:10', '2025-03-14 23:10:10'),
(421, 1, 5760, 12, 2019, '2025-03-14 23:10:10', '2025-03-14 23:10:10'),
(422, 3, 185, 12, 2019, '2025-03-14 23:10:10', '2025-03-14 23:10:10'),
(423, 8, 78500, 12, 2019, '2025-03-14 23:10:10', '2025-03-14 23:10:10'),
(424, 10, 1741, 12, 2019, '2025-03-14 23:10:10', '2025-03-14 23:10:10'),
(425, 14, 4675, 12, 2019, '2025-03-14 23:10:10', '2025-03-14 23:10:10'),
(426, 16, 4612, 12, 2019, '2025-03-14 23:10:10', '2025-03-14 23:10:10'),
(427, 19, 9071, 12, 2019, '2025-03-14 23:10:10', '2025-03-14 23:10:10'),
(428, 20, 471, 12, 2019, '2025-03-14 23:10:10', '2025-03-14 23:10:10'),
(429, 39, 117, 12, 2019, '2025-03-14 23:10:10', '2025-03-14 23:10:10'),
(430, 15, 2620, 12, 2019, '2025-03-14 23:10:10', '2025-03-14 23:10:10'),
(431, 17, 813, 12, 2019, '2025-03-14 23:10:10', '2025-03-14 23:10:10'),
(432, 18, 12280, 12, 2019, '2025-03-14 23:10:10', '2025-03-14 23:10:10'),
(433, 32, 5153, 1, 2020, '2025-03-14 23:10:10', '2025-03-14 23:10:10'),
(434, 27, 30000, 1, 2020, '2025-03-14 23:10:10', '2025-03-14 23:10:10'),
(435, 31, 6900, 1, 2020, '2025-03-14 23:10:10', '2025-03-14 23:10:10'),
(436, 26, 4386, 1, 2020, '2025-03-14 23:10:10', '2025-03-14 23:10:10'),
(437, 43, 263, 1, 2020, '2025-03-14 23:10:10', '2025-03-14 23:10:10'),
(438, 50, 3004, 1, 2020, '2025-03-14 23:10:10', '2025-03-14 23:10:10'),
(439, 28, 2996, 1, 2020, '2025-03-14 23:10:10', '2025-03-14 23:10:10'),
(440, 13, 432, 1, 2020, '2025-03-14 23:10:10', '2025-03-14 23:10:10'),
(441, 1, 11, 1, 2020, '2025-03-14 23:10:10', '2025-03-14 23:10:10'),
(442, 3, 147, 1, 2020, '2025-03-14 23:10:10', '2025-03-14 23:10:10'),
(443, 8, 66900, 1, 2020, '2025-03-14 23:10:10', '2025-03-14 23:10:10'),
(444, 10, 1919, 1, 2020, '2025-03-14 23:10:10', '2025-03-14 23:10:10'),
(445, 14, 2411, 1, 2020, '2025-03-14 23:10:10', '2025-03-14 23:10:10'),
(446, 16, 1706, 1, 2020, '2025-03-14 23:10:10', '2025-03-14 23:10:10'),
(447, 19, 12097, 1, 2020, '2025-03-14 23:10:10', '2025-03-14 23:10:10'),
(448, 20, 53, 1, 2020, '2025-03-14 23:10:10', '2025-03-14 23:10:10'),
(449, 39, 260, 1, 2020, '2025-03-14 23:10:10', '2025-03-14 23:10:10'),
(450, 15, 2473, 1, 2020, '2025-03-14 23:10:10', '2025-03-14 23:10:10'),
(451, 17, 1791, 1, 2020, '2025-03-14 23:10:10', '2025-03-14 23:10:10'),
(452, 18, 11999, 1, 2020, '2025-03-14 23:10:10', '2025-03-14 23:10:10'),
(453, 32, 0, 2, 2020, '2025-03-14 23:10:10', '2025-03-14 23:10:10'),
(454, 27, 0, 2, 2020, '2025-03-14 23:10:10', '2025-03-14 23:10:10'),
(455, 31, 0, 2, 2020, '2025-03-14 23:10:10', '2025-03-14 23:10:10'),
(456, 26, 0, 2, 2020, '2025-03-14 23:10:10', '2025-03-14 23:10:10'),
(457, 43, 328, 2, 2020, '2025-03-14 23:10:10', '2025-03-14 23:10:10'),
(458, 50, 406, 2, 2020, '2025-03-14 23:10:10', '2025-03-14 23:10:10'),
(459, 28, 14994, 2, 2020, '2025-03-14 23:10:10', '2025-03-14 23:10:10'),
(460, 13, 127, 2, 2020, '2025-03-14 23:10:10', '2025-03-14 23:10:10'),
(461, 1, 0, 2, 2020, '2025-03-14 23:10:10', '2025-03-14 23:10:10'),
(462, 3, 0, 2, 2020, '2025-03-14 23:10:10', '2025-03-14 23:10:10'),
(463, 8, 56320, 2, 2020, '2025-03-14 23:10:10', '2025-03-14 23:10:10'),
(464, 10, 783, 2, 2020, '2025-03-14 23:10:10', '2025-03-14 23:10:10'),
(465, 14, 0, 2, 2020, '2025-03-14 23:10:10', '2025-03-14 23:10:10'),
(466, 16, 490, 2, 2020, '2025-03-14 23:10:10', '2025-03-14 23:10:10'),
(467, 19, 3807, 2, 2020, '2025-03-14 23:10:10', '2025-03-14 23:10:10'),
(468, 20, 0, 2, 2020, '2025-03-14 23:10:10', '2025-03-14 23:10:10'),
(469, 39, 0, 2, 2020, '2025-03-14 23:10:10', '2025-03-14 23:10:10'),
(470, 15, 0, 2, 2020, '2025-03-14 23:10:10', '2025-03-14 23:10:10'),
(471, 17, 318, 2, 2020, '2025-03-14 23:10:10', '2025-03-14 23:10:10'),
(472, 18, 7096, 2, 2020, '2025-03-14 23:10:10', '2025-03-14 23:10:10'),
(473, 32, 0, 3, 2020, '2025-03-14 23:10:10', '2025-03-14 23:10:10'),
(474, 27, 0, 3, 2020, '2025-03-14 23:10:10', '2025-03-14 23:10:10'),
(475, 31, 0, 3, 2020, '2025-03-14 23:10:10', '2025-03-14 23:10:10'),
(476, 26, 0, 3, 2020, '2025-03-14 23:10:10', '2025-03-14 23:10:10'),
(477, 43, 0, 3, 2020, '2025-03-14 23:10:10', '2025-03-14 23:10:10'),
(478, 50, 0, 3, 2020, '2025-03-14 23:10:10', '2025-03-14 23:10:10'),
(479, 28, 0, 3, 2020, '2025-03-14 23:10:10', '2025-03-14 23:10:10'),
(480, 13, 0, 3, 2020, '2025-03-14 23:10:10', '2025-03-14 23:10:10'),
(481, 1, 0, 3, 2020, '2025-03-14 23:10:10', '2025-03-14 23:10:10'),
(482, 3, 0, 3, 2020, '2025-03-14 23:10:10', '2025-03-14 23:10:10'),
(483, 8, 57540, 3, 2020, '2025-03-14 23:10:10', '2025-03-14 23:10:10'),
(484, 10, 0, 3, 2020, '2025-03-14 23:10:10', '2025-03-14 23:10:10'),
(485, 14, 0, 3, 2020, '2025-03-14 23:10:10', '2025-03-14 23:10:10'),
(486, 16, 513, 3, 2020, '2025-03-14 23:10:10', '2025-03-14 23:10:10'),
(487, 19, 1971, 3, 2020, '2025-03-14 23:10:10', '2025-03-14 23:10:10'),
(488, 20, 0, 3, 2020, '2025-03-14 23:10:10', '2025-03-14 23:10:10'),
(489, 39, 0, 3, 2020, '2025-03-14 23:10:10', '2025-03-14 23:10:10'),
(490, 15, 0, 3, 2020, '2025-03-14 23:10:10', '2025-03-14 23:10:10'),
(491, 17, 0, 3, 2020, '2025-03-14 23:10:10', '2025-03-14 23:10:10'),
(492, 18, 3050, 3, 2020, '2025-03-14 23:10:10', '2025-03-14 23:10:10'),
(493, 32, 0, 4, 2020, '2025-03-14 23:10:10', '2025-03-14 23:10:10'),
(494, 27, 0, 4, 2020, '2025-03-14 23:10:10', '2025-03-14 23:10:10'),
(495, 31, 0, 4, 2020, '2025-03-14 23:10:10', '2025-03-14 23:10:10'),
(496, 26, 0, 4, 2020, '2025-03-14 23:10:10', '2025-03-14 23:10:10'),
(497, 43, 0, 4, 2020, '2025-03-14 23:10:10', '2025-03-14 23:10:10'),
(498, 50, 0, 4, 2020, '2025-03-14 23:10:10', '2025-03-14 23:10:10'),
(499, 28, 0, 4, 2020, '2025-03-14 23:10:10', '2025-03-14 23:10:10'),
(500, 13, 0, 4, 2020, '2025-03-14 23:10:10', '2025-03-14 23:10:10'),
(501, 1, 0, 4, 2020, '2025-03-14 23:10:10', '2025-03-14 23:10:10'),
(502, 3, 0, 4, 2020, '2025-03-14 23:10:10', '2025-03-14 23:10:10'),
(503, 8, 24980, 4, 2020, '2025-03-14 23:10:10', '2025-03-14 23:10:10'),
(504, 10, 0, 4, 2020, '2025-03-14 23:10:10', '2025-03-14 23:10:10'),
(505, 14, 0, 4, 2020, '2025-03-14 23:10:10', '2025-03-14 23:10:10'),
(506, 16, 0, 4, 2020, '2025-03-14 23:10:10', '2025-03-14 23:10:10'),
(507, 19, 0, 4, 2020, '2025-03-14 23:10:10', '2025-03-14 23:10:10'),
(508, 20, 0, 4, 2020, '2025-03-14 23:10:10', '2025-03-14 23:10:10'),
(509, 39, 0, 4, 2020, '2025-03-14 23:10:10', '2025-03-14 23:10:10'),
(510, 15, 0, 4, 2020, '2025-03-14 23:10:10', '2025-03-14 23:10:10'),
(511, 17, 0, 4, 2020, '2025-03-14 23:10:10', '2025-03-14 23:10:10'),
(512, 18, 0, 4, 2020, '2025-03-14 23:10:10', '2025-03-14 23:10:10'),
(513, 32, 0, 5, 2020, '2025-03-14 23:10:10', '2025-03-14 23:10:10'),
(514, 27, 0, 5, 2020, '2025-03-14 23:10:10', '2025-03-14 23:10:10'),
(515, 31, 0, 5, 2020, '2025-03-14 23:10:10', '2025-03-14 23:10:10'),
(516, 26, 0, 5, 2020, '2025-03-14 23:10:10', '2025-03-14 23:10:10'),
(517, 43, 0, 5, 2020, '2025-03-14 23:10:10', '2025-03-14 23:10:10'),
(518, 50, 0, 5, 2020, '2025-03-14 23:10:10', '2025-03-14 23:10:10'),
(519, 28, 0, 5, 2020, '2025-03-14 23:10:10', '2025-03-14 23:10:10'),
(520, 13, 0, 5, 2020, '2025-03-14 23:10:10', '2025-03-14 23:10:10'),
(521, 1, 0, 5, 2020, '2025-03-14 23:10:10', '2025-03-14 23:10:10'),
(522, 3, 0, 5, 2020, '2025-03-14 23:10:10', '2025-03-14 23:10:10'),
(523, 8, 17165, 5, 2020, '2025-03-14 23:10:10', '2025-03-14 23:10:10'),
(524, 10, 0, 5, 2020, '2025-03-14 23:10:10', '2025-03-14 23:10:10'),
(525, 14, 0, 5, 2020, '2025-03-14 23:10:10', '2025-03-14 23:10:10'),
(526, 16, 0, 5, 2020, '2025-03-14 23:10:10', '2025-03-14 23:10:10'),
(527, 19, 0, 5, 2020, '2025-03-14 23:10:10', '2025-03-14 23:10:10'),
(528, 20, 0, 5, 2020, '2025-03-14 23:10:10', '2025-03-14 23:10:10'),
(529, 39, 0, 5, 2020, '2025-03-14 23:10:10', '2025-03-14 23:10:10'),
(530, 15, 0, 5, 2020, '2025-03-14 23:10:10', '2025-03-14 23:10:10'),
(531, 17, 0, 5, 2020, '2025-03-14 23:10:10', '2025-03-14 23:10:10'),
(532, 18, 0, 5, 2020, '2025-03-14 23:10:10', '2025-03-14 23:10:10'),
(533, 32, 0, 6, 2020, '2025-03-14 23:10:10', '2025-03-14 23:10:10'),
(534, 27, 0, 6, 2020, '2025-03-14 23:10:10', '2025-03-14 23:10:10'),
(535, 31, 0, 6, 2020, '2025-03-14 23:10:10', '2025-03-14 23:10:10'),
(536, 26, 0, 6, 2020, '2025-03-14 23:10:10', '2025-03-14 23:10:10'),
(537, 43, 0, 6, 2020, '2025-03-14 23:10:10', '2025-03-14 23:10:10'),
(538, 50, 0, 6, 2020, '2025-03-14 23:10:10', '2025-03-14 23:10:10'),
(539, 28, 0, 6, 2020, '2025-03-14 23:10:10', '2025-03-14 23:10:10'),
(540, 13, 0, 6, 2020, '2025-03-14 23:10:10', '2025-03-14 23:10:10'),
(541, 1, 0, 6, 2020, '2025-03-14 23:10:10', '2025-03-14 23:10:10'),
(542, 3, 0, 6, 2020, '2025-03-14 23:10:10', '2025-03-14 23:10:10'),
(543, 8, 44585, 6, 2020, '2025-03-14 23:10:10', '2025-03-14 23:10:10'),
(544, 10, 0, 6, 2020, '2025-03-14 23:10:10', '2025-03-14 23:10:10'),
(545, 14, 0, 6, 2020, '2025-03-14 23:10:10', '2025-03-14 23:10:10'),
(546, 16, 0, 6, 2020, '2025-03-14 23:10:10', '2025-03-14 23:10:10'),
(547, 19, 0, 6, 2020, '2025-03-14 23:10:10', '2025-03-14 23:10:10'),
(548, 20, 0, 6, 2020, '2025-03-14 23:10:10', '2025-03-14 23:10:10'),
(549, 39, 0, 6, 2020, '2025-03-14 23:10:10', '2025-03-14 23:10:10'),
(550, 15, 0, 6, 2020, '2025-03-14 23:10:10', '2025-03-14 23:10:10'),
(551, 17, 0, 6, 2020, '2025-03-14 23:10:10', '2025-03-14 23:10:10'),
(552, 18, 0, 6, 2020, '2025-03-14 23:10:10', '2025-03-14 23:10:10'),
(553, 32, 0, 7, 2020, '2025-03-14 23:10:10', '2025-03-14 23:10:10'),
(554, 27, 0, 7, 2020, '2025-03-14 23:10:10', '2025-03-14 23:10:10'),
(555, 31, 0, 7, 2020, '2025-03-14 23:10:10', '2025-03-14 23:10:10'),
(556, 26, 0, 7, 2020, '2025-03-14 23:10:10', '2025-03-14 23:10:10'),
(557, 43, 0, 7, 2020, '2025-03-14 23:10:10', '2025-03-14 23:10:10'),
(558, 50, 0, 7, 2020, '2025-03-14 23:10:10', '2025-03-14 23:10:10'),
(559, 28, 0, 7, 2020, '2025-03-14 23:10:10', '2025-03-14 23:10:10'),
(560, 13, 0, 7, 2020, '2025-03-14 23:10:10', '2025-03-14 23:10:10'),
(561, 1, 0, 7, 2020, '2025-03-14 23:10:10', '2025-03-14 23:10:10'),
(562, 3, 0, 7, 2020, '2025-03-14 23:10:10', '2025-03-14 23:10:10'),
(563, 8, 49230, 7, 2020, '2025-03-14 23:10:10', '2025-03-14 23:10:10'),
(564, 10, 0, 7, 2020, '2025-03-14 23:10:10', '2025-03-14 23:10:10'),
(565, 14, 0, 7, 2020, '2025-03-14 23:10:10', '2025-03-14 23:10:10'),
(566, 16, 0, 7, 2020, '2025-03-14 23:10:10', '2025-03-14 23:10:10'),
(567, 19, 0, 7, 2020, '2025-03-14 23:10:10', '2025-03-14 23:10:10'),
(568, 20, 0, 7, 2020, '2025-03-14 23:10:10', '2025-03-14 23:10:10'),
(569, 39, 0, 7, 2020, '2025-03-14 23:10:10', '2025-03-14 23:10:10'),
(570, 15, 0, 7, 2020, '2025-03-14 23:10:10', '2025-03-14 23:10:10'),
(571, 17, 0, 7, 2020, '2025-03-14 23:10:10', '2025-03-14 23:10:10'),
(572, 18, 0, 7, 2020, '2025-03-14 23:10:10', '2025-03-14 23:10:10'),
(573, 32, 0, 8, 2020, '2025-03-14 23:10:10', '2025-03-14 23:10:10'),
(574, 27, 50603, 8, 2020, '2025-03-14 23:10:10', '2025-03-14 23:10:10'),
(575, 31, 15069, 8, 2020, '2025-03-14 23:10:10', '2025-03-14 23:10:10'),
(576, 26, 3475, 8, 2020, '2025-03-14 23:10:10', '2025-03-14 23:10:10'),
(577, 43, 0, 8, 2020, '2025-03-14 23:10:10', '2025-03-14 23:10:10'),
(578, 50, 0, 8, 2020, '2025-03-14 23:10:10', '2025-03-14 23:10:10'),
(579, 28, 0, 8, 2020, '2025-03-14 23:10:10', '2025-03-14 23:10:10'),
(580, 13, 0, 8, 2020, '2025-03-14 23:10:10', '2025-03-14 23:10:10'),
(581, 1, 0, 8, 2020, '2025-03-14 23:10:10', '2025-03-14 23:10:10'),
(582, 3, 8, 8, 2020, '2025-03-14 23:10:10', '2025-03-14 23:10:10'),
(583, 8, 59250, 8, 2020, '2025-03-14 23:10:10', '2025-03-14 23:10:10'),
(584, 10, 820, 8, 2020, '2025-03-14 23:10:10', '2025-03-14 23:10:10'),
(585, 14, 0, 8, 2020, '2025-03-14 23:10:10', '2025-03-14 23:10:10'),
(586, 16, 0, 8, 2020, '2025-03-14 23:10:10', '2025-03-14 23:10:10'),
(587, 19, 12842, 8, 2020, '2025-03-14 23:10:10', '2025-03-14 23:10:10'),
(588, 20, 0, 8, 2020, '2025-03-14 23:10:10', '2025-03-14 23:10:10'),
(589, 39, 0, 8, 2020, '2025-03-14 23:10:10', '2025-03-14 23:10:10'),
(590, 15, 2656, 8, 2020, '2025-03-14 23:10:10', '2025-03-14 23:10:10'),
(591, 17, 0, 8, 2020, '2025-03-14 23:10:10', '2025-03-14 23:10:10'),
(592, 18, 0, 8, 2020, '2025-03-14 23:10:10', '2025-03-14 23:10:10'),
(593, 32, 0, 9, 2020, '2025-03-14 23:10:10', '2025-03-14 23:10:10'),
(594, 27, 23096, 9, 2020, '2025-03-14 23:10:10', '2025-03-14 23:10:10'),
(595, 31, 5231, 9, 2020, '2025-03-14 23:10:10', '2025-03-14 23:10:10'),
(596, 26, 1594, 9, 2020, '2025-03-14 23:10:10', '2025-03-14 23:10:10'),
(597, 43, 0, 9, 2020, '2025-03-14 23:10:10', '2025-03-14 23:10:10'),
(598, 50, 0, 9, 2020, '2025-03-14 23:10:10', '2025-03-14 23:10:10'),
(599, 28, 0, 9, 2020, '2025-03-14 23:10:10', '2025-03-14 23:10:10'),
(600, 13, 0, 9, 2020, '2025-03-14 23:10:10', '2025-03-14 23:10:10'),
(601, 1, 0, 9, 2020, '2025-03-14 23:10:10', '2025-03-14 23:10:10'),
(602, 3, 42, 9, 2020, '2025-03-14 23:10:10', '2025-03-14 23:10:10'),
(603, 8, 40220, 9, 2020, '2025-03-14 23:10:10', '2025-03-14 23:10:10'),
(604, 10, 1437, 9, 2020, '2025-03-14 23:10:10', '2025-03-14 23:10:10'),
(605, 14, 0, 9, 2020, '2025-03-14 23:10:10', '2025-03-14 23:10:10'),
(606, 16, 0, 9, 2020, '2025-03-14 23:10:10', '2025-03-14 23:10:10'),
(607, 19, 17528, 9, 2020, '2025-03-14 23:10:10', '2025-03-14 23:10:10'),
(608, 20, 243, 9, 2020, '2025-03-14 23:10:10', '2025-03-14 23:10:10'),
(609, 39, 0, 9, 2020, '2025-03-14 23:10:10', '2025-03-14 23:10:10'),
(610, 15, 4437, 9, 2020, '2025-03-14 23:10:10', '2025-03-14 23:10:10'),
(611, 17, 0, 9, 2020, '2025-03-14 23:10:10', '2025-03-14 23:10:10'),
(612, 18, 0, 9, 2020, '2025-03-14 23:10:10', '2025-03-14 23:10:10'),
(613, 32, 0, 10, 2020, '2025-03-14 23:10:10', '2025-03-14 23:10:10'),
(614, 27, 12300, 10, 2020, '2025-03-14 23:10:10', '2025-03-14 23:10:10'),
(615, 31, 3350, 10, 2020, '2025-03-14 23:10:10', '2025-03-14 23:10:10'),
(616, 26, 730, 10, 2020, '2025-03-14 23:10:10', '2025-03-14 23:10:10'),
(617, 43, 0, 10, 2020, '2025-03-14 23:10:10', '2025-03-14 23:10:10'),
(618, 50, 0, 10, 2020, '2025-03-14 23:10:10', '2025-03-14 23:10:10'),
(619, 28, 0, 10, 2020, '2025-03-14 23:10:10', '2025-03-14 23:10:10'),
(620, 13, 0, 10, 2020, '2025-03-14 23:10:10', '2025-03-14 23:10:10'),
(621, 1, 0, 10, 2020, '2025-03-14 23:10:10', '2025-03-14 23:10:10'),
(622, 3, 120, 10, 2020, '2025-03-14 23:10:10', '2025-03-14 23:10:10'),
(623, 8, 47480, 10, 2020, '2025-03-14 23:10:10', '2025-03-14 23:10:10'),
(624, 10, 901, 10, 2020, '2025-03-14 23:10:10', '2025-03-14 23:10:10'),
(625, 14, 201, 10, 2020, '2025-03-14 23:10:10', '2025-03-14 23:10:10'),
(626, 16, 0, 10, 2020, '2025-03-14 23:10:10', '2025-03-14 23:10:10'),
(627, 19, 21566, 10, 2020, '2025-03-14 23:10:10', '2025-03-14 23:10:10'),
(628, 20, 293, 10, 2020, '2025-03-14 23:10:10', '2025-03-14 23:10:10'),
(629, 39, 0, 10, 2020, '2025-03-14 23:10:10', '2025-03-14 23:10:10'),
(630, 15, 7983, 10, 2020, '2025-03-14 23:10:10', '2025-03-14 23:10:10'),
(631, 17, 174, 10, 2020, '2025-03-14 23:10:10', '2025-03-14 23:10:10'),
(632, 18, 5042, 10, 2020, '2025-03-14 23:10:10', '2025-03-14 23:10:10'),
(633, 32, 0, 11, 2020, '2025-03-14 23:10:10', '2025-03-14 23:10:10'),
(634, 27, 19700, 11, 2020, '2025-03-14 23:10:10', '2025-03-14 23:10:10'),
(635, 31, 930, 11, 2020, '2025-03-14 23:10:10', '2025-03-14 23:10:10'),
(636, 26, 1955, 11, 2020, '2025-03-14 23:10:10', '2025-03-14 23:10:10'),
(637, 43, 0, 11, 2020, '2025-03-14 23:10:10', '2025-03-14 23:10:10'),
(638, 50, 0, 11, 2020, '2025-03-14 23:10:10', '2025-03-14 23:10:10'),
(639, 28, 0, 11, 2020, '2025-03-14 23:10:10', '2025-03-14 23:10:10'),
(640, 13, 0, 11, 2020, '2025-03-14 23:10:10', '2025-03-14 23:10:10'),
(641, 1, 0, 11, 2020, '2025-03-14 23:10:10', '2025-03-14 23:10:10'),
(642, 3, 65, 11, 2020, '2025-03-14 23:10:10', '2025-03-14 23:10:10'),
(643, 8, 58930, 11, 2020, '2025-03-14 23:10:10', '2025-03-14 23:10:10'),
(644, 10, 968, 11, 2020, '2025-03-14 23:10:10', '2025-03-14 23:10:10'),
(645, 14, 930, 11, 2020, '2025-03-14 23:10:10', '2025-03-14 23:10:10'),
(646, 16, 0, 11, 2020, '2025-03-14 23:10:10', '2025-03-14 23:10:10'),
(647, 19, 18371, 11, 2020, '2025-03-14 23:10:10', '2025-03-14 23:10:10'),
(648, 20, 371, 11, 2020, '2025-03-14 23:10:10', '2025-03-14 23:10:10'),
(649, 39, 0, 11, 2020, '2025-03-14 23:10:10', '2025-03-14 23:10:10'),
(650, 15, 9382, 11, 2020, '2025-03-14 23:10:10', '2025-03-14 23:10:10'),
(651, 17, 0, 11, 2020, '2025-03-14 23:10:10', '2025-03-14 23:10:10'),
(652, 18, 4741, 11, 2020, '2025-03-14 23:10:10', '2025-03-14 23:10:10'),
(653, 32, 0, 12, 2020, '2025-03-14 23:10:10', '2025-03-14 23:10:10'),
(654, 27, 0, 12, 2020, '2025-03-14 23:10:10', '2025-03-14 23:10:10'),
(655, 31, 4404, 12, 2020, '2025-03-14 23:10:10', '2025-03-14 23:10:10'),
(656, 26, 441, 12, 2020, '2025-03-14 23:10:10', '2025-03-14 23:10:10'),
(657, 43, 0, 12, 2020, '2025-03-14 23:10:10', '2025-03-14 23:10:10'),
(658, 50, 0, 12, 2020, '2025-03-14 23:10:10', '2025-03-14 23:10:10'),
(659, 28, 0, 12, 2020, '2025-03-14 23:10:10', '2025-03-14 23:10:10'),
(660, 13, 0, 12, 2020, '2025-03-14 23:10:10', '2025-03-14 23:10:10'),
(661, 1, 0, 12, 2020, '2025-03-14 23:10:10', '2025-03-14 23:10:10'),
(662, 3, 40, 12, 2020, '2025-03-14 23:10:10', '2025-03-14 23:10:10'),
(663, 8, 42330, 12, 2020, '2025-03-14 23:10:10', '2025-03-14 23:10:10'),
(664, 10, 742, 12, 2020, '2025-03-14 23:10:10', '2025-03-14 23:10:10'),
(665, 14, 0, 12, 2020, '2025-03-14 23:10:10', '2025-03-14 23:10:10'),
(666, 16, 0, 12, 2020, '2025-03-14 23:10:10', '2025-03-14 23:10:10'),
(667, 19, 12352, 12, 2020, '2025-03-14 23:10:10', '2025-03-14 23:10:10'),
(668, 20, 0, 12, 2020, '2025-03-14 23:10:10', '2025-03-14 23:10:10'),
(669, 39, 0, 12, 2020, '2025-03-14 23:10:10', '2025-03-14 23:10:10'),
(670, 15, 0, 12, 2020, '2025-03-14 23:10:10', '2025-03-14 23:10:10'),
(671, 17, 0, 12, 2020, '2025-03-14 23:10:10', '2025-03-14 23:10:10'),
(672, 18, 3475, 12, 2020, '2025-03-14 23:10:10', '2025-03-14 23:10:10'),
(673, 32, 0, 1, 2021, '2025-03-14 23:10:10', '2025-03-14 23:10:10'),
(674, 27, 6700, 1, 2021, '2025-03-14 23:10:10', '2025-03-14 23:10:10'),
(675, 31, 1276, 1, 2021, '2025-03-14 23:10:10', '2025-03-14 23:10:10'),
(676, 26, 693, 1, 2021, '2025-03-14 23:10:10', '2025-03-14 23:10:10'),
(677, 43, 943, 1, 2021, '2025-03-14 23:10:10', '2025-03-14 23:10:10'),
(678, 50, 743, 1, 2021, '2025-03-14 23:10:10', '2025-03-14 23:10:10'),
(679, 28, 5926, 1, 2021, '2025-03-14 23:10:10', '2025-03-14 23:10:10'),
(680, 13, 49, 1, 2021, '2025-03-14 23:10:10', '2025-03-14 23:10:10'),
(681, 1, 3683, 1, 2021, '2025-03-14 23:10:10', '2025-03-14 23:10:10'),
(682, 3, 66, 1, 2021, '2025-03-14 23:10:10', '2025-03-14 23:10:10'),
(683, 8, 37580, 1, 2021, '2025-03-14 23:10:10', '2025-03-14 23:10:10'),
(684, 10, 116, 1, 2021, '2025-03-14 23:10:10', '2025-03-14 23:10:10'),
(685, 14, 575, 1, 2021, '2025-03-14 23:10:10', '2025-03-14 23:10:10'),
(686, 16, 61, 1, 2021, '2025-03-14 23:10:10', '2025-03-14 23:10:10'),
(687, 19, 6519, 1, 2021, '2025-03-14 23:10:10', '2025-03-14 23:10:10'),
(688, 20, 567, 1, 2021, '2025-03-14 23:10:10', '2025-03-14 23:10:10'),
(689, 39, 99, 1, 2021, '2025-03-14 23:10:10', '2025-03-14 23:10:10'),
(690, 15, 5289, 1, 2021, '2025-03-14 23:10:10', '2025-03-14 23:10:10'),
(691, 17, 50, 1, 2021, '2025-03-14 23:10:10', '2025-03-14 23:10:10'),
(692, 18, 4981, 1, 2021, '2025-03-14 23:10:10', '2025-03-14 23:10:10'),
(693, 32, 133, 2, 2021, '2025-03-14 23:10:10', '2025-03-14 23:10:10'),
(694, 27, 9000, 2, 2021, '2025-03-14 23:10:10', '2025-03-14 23:10:10'),
(695, 31, 2703, 2, 2021, '2025-03-14 23:10:10', '2025-03-14 23:10:10'),
(696, 26, 490, 2, 2021, '2025-03-14 23:10:10', '2025-03-14 23:10:10'),
(697, 43, 890, 2, 2021, '2025-03-14 23:10:10', '2025-03-14 23:10:10'),
(698, 50, 490, 2, 2021, '2025-03-14 23:10:10', '2025-03-14 23:10:10'),
(699, 28, 6426, 2, 2021, '2025-03-14 23:10:10', '2025-03-14 23:10:10'),
(700, 13, 51, 2, 2021, '2025-03-14 23:10:10', '2025-03-14 23:10:10'),
(701, 1, 4387, 2, 2021, '2025-03-14 23:10:10', '2025-03-14 23:10:10'),
(702, 3, 77, 2, 2021, '2025-03-14 23:10:10', '2025-03-14 23:10:10'),
(703, 8, 51920, 2, 2021, '2025-03-14 23:10:10', '2025-03-14 23:10:10'),
(704, 10, 401, 2, 2021, '2025-03-14 23:10:10', '2025-03-14 23:10:10'),
(705, 14, 802, 2, 2021, '2025-03-14 23:10:10', '2025-03-14 23:10:10'),
(706, 16, 111, 2, 2021, '2025-03-14 23:10:10', '2025-03-14 23:10:10'),
(707, 19, 11091, 2, 2021, '2025-03-14 23:10:10', '2025-03-14 23:10:10'),
(708, 20, 582, 2, 2021, '2025-03-14 23:10:10', '2025-03-14 23:10:10'),
(709, 39, 105, 2, 2021, '2025-03-14 23:10:10', '2025-03-14 23:10:10'),
(710, 15, 7198, 2, 2021, '2025-03-14 23:10:10', '2025-03-14 23:10:10'),
(711, 17, 48, 2, 2021, '2025-03-14 23:10:10', '2025-03-14 23:10:10'),
(712, 18, 6483, 2, 2021, '2025-03-14 23:10:10', '2025-03-14 23:10:10'),
(713, 32, 234, 3, 2021, '2025-03-14 23:10:10', '2025-03-14 23:10:10'),
(714, 27, 13900, 3, 2021, '2025-03-14 23:10:10', '2025-03-14 23:10:10'),
(715, 31, 4440, 3, 2021, '2025-03-14 23:10:10', '2025-03-14 23:10:10'),
(716, 26, 923, 3, 2021, '2025-03-14 23:10:10', '2025-03-14 23:10:10'),
(717, 43, 690, 3, 2021, '2025-03-14 23:10:10', '2025-03-14 23:10:10'),
(718, 50, 520, 3, 2021, '2025-03-14 23:10:10', '2025-03-14 23:10:10'),
(719, 28, 7126, 3, 2021, '2025-03-14 23:10:10', '2025-03-14 23:10:10'),
(720, 13, 60, 3, 2021, '2025-03-14 23:10:10', '2025-03-14 23:10:10'),
(721, 1, 4490, 3, 2021, '2025-03-14 23:10:10', '2025-03-14 23:10:10'),
(722, 3, 107, 3, 2021, '2025-03-14 23:10:10', '2025-03-14 23:10:10');
INSERT INTO `kunjungan` (`id`, `wisata_id`, `jumlah`, `bulan`, `tahun`, `created_at`, `updated_at`) VALUES
(723, 8, 66405, 3, 2021, '2025-03-14 23:10:10', '2025-03-14 23:10:10'),
(724, 10, 477, 3, 2021, '2025-03-14 23:10:10', '2025-03-14 23:10:10'),
(725, 14, 713, 3, 2021, '2025-03-14 23:10:10', '2025-03-14 23:10:10'),
(726, 16, 101, 3, 2021, '2025-03-14 23:10:10', '2025-03-14 23:10:10'),
(727, 19, 12645, 3, 2021, '2025-03-14 23:10:10', '2025-03-14 23:10:10'),
(728, 20, 747, 3, 2021, '2025-03-14 23:10:10', '2025-03-14 23:10:10'),
(729, 39, 82, 3, 2021, '2025-03-14 23:10:10', '2025-03-14 23:10:10'),
(730, 15, 8559, 3, 2021, '2025-03-14 23:10:10', '2025-03-14 23:10:10'),
(731, 17, 114, 3, 2021, '2025-03-14 23:10:10', '2025-03-14 23:10:10'),
(732, 18, 8201, 3, 2021, '2025-03-14 23:10:10', '2025-03-14 23:10:10'),
(733, 32, 165, 4, 2021, '2025-03-14 23:10:10', '2025-03-14 23:10:10'),
(734, 27, 8800, 4, 2021, '2025-03-14 23:10:10', '2025-03-14 23:10:10'),
(735, 31, 3241, 4, 2021, '2025-03-14 23:10:10', '2025-03-14 23:10:10'),
(736, 26, 496, 4, 2021, '2025-03-14 23:10:10', '2025-03-14 23:10:10'),
(737, 43, 630, 4, 2021, '2025-03-14 23:10:10', '2025-03-14 23:10:10'),
(738, 50, 500, 4, 2021, '2025-03-14 23:10:10', '2025-03-14 23:10:10'),
(739, 28, 5826, 4, 2021, '2025-03-14 23:10:10', '2025-03-14 23:10:10'),
(740, 13, 48, 4, 2021, '2025-03-14 23:10:10', '2025-03-14 23:10:10'),
(741, 1, 4173, 4, 2021, '2025-03-14 23:10:10', '2025-03-14 23:10:10'),
(742, 3, 85, 4, 2021, '2025-03-14 23:10:10', '2025-03-14 23:10:10'),
(743, 8, 58105, 4, 2021, '2025-03-14 23:10:10', '2025-03-14 23:10:10'),
(744, 10, 348, 4, 2021, '2025-03-14 23:10:10', '2025-03-14 23:10:10'),
(745, 14, 691, 4, 2021, '2025-03-14 23:10:10', '2025-03-14 23:10:10'),
(746, 16, 123, 4, 2021, '2025-03-14 23:10:10', '2025-03-14 23:10:10'),
(747, 19, 8870, 4, 2021, '2025-03-14 23:10:10', '2025-03-14 23:10:10'),
(748, 20, 696, 4, 2021, '2025-03-14 23:10:10', '2025-03-14 23:10:10'),
(749, 39, 52, 4, 2021, '2025-03-14 23:10:10', '2025-03-14 23:10:10'),
(750, 15, 6757, 4, 2021, '2025-03-14 23:10:10', '2025-03-14 23:10:10'),
(751, 17, 52, 4, 2021, '2025-03-14 23:10:10', '2025-03-14 23:10:10'),
(752, 18, 6280, 4, 2021, '2025-03-14 23:10:10', '2025-03-14 23:10:10'),
(753, 32, 602, 5, 2021, '2025-03-14 23:10:10', '2025-03-14 23:10:10'),
(754, 27, 13200, 5, 2021, '2025-03-14 23:10:10', '2025-03-14 23:10:10'),
(755, 31, 5778, 5, 2021, '2025-03-14 23:10:10', '2025-03-14 23:10:10'),
(756, 26, 1122, 5, 2021, '2025-03-14 23:10:10', '2025-03-14 23:10:10'),
(757, 43, 1209, 5, 2021, '2025-03-14 23:10:10', '2025-03-14 23:10:10'),
(758, 50, 492, 5, 2021, '2025-03-14 23:10:10', '2025-03-14 23:10:10'),
(759, 28, 6726, 5, 2021, '2025-03-14 23:10:10', '2025-03-14 23:10:10'),
(760, 13, 184, 5, 2021, '2025-03-14 23:10:10', '2025-03-14 23:10:10'),
(761, 1, 4882, 5, 2021, '2025-03-14 23:10:10', '2025-03-14 23:10:10'),
(762, 3, 99, 5, 2021, '2025-03-14 23:10:10', '2025-03-14 23:10:10'),
(763, 8, 39380, 5, 2021, '2025-03-14 23:10:10', '2025-03-14 23:10:10'),
(764, 10, 453, 5, 2021, '2025-03-14 23:10:10', '2025-03-14 23:10:10'),
(765, 14, 822, 5, 2021, '2025-03-14 23:10:10', '2025-03-14 23:10:10'),
(766, 16, 118, 5, 2021, '2025-03-14 23:10:10', '2025-03-14 23:10:10'),
(767, 19, 12255, 5, 2021, '2025-03-14 23:10:10', '2025-03-14 23:10:10'),
(768, 20, 781, 5, 2021, '2025-03-14 23:10:10', '2025-03-14 23:10:10'),
(769, 39, 117, 5, 2021, '2025-03-14 23:10:10', '2025-03-14 23:10:10'),
(770, 15, 7909, 5, 2021, '2025-03-14 23:10:10', '2025-03-14 23:10:10'),
(771, 17, 46, 5, 2021, '2025-03-14 23:10:10', '2025-03-14 23:10:10'),
(772, 18, 6952, 5, 2021, '2025-03-14 23:10:10', '2025-03-14 23:10:10'),
(773, 32, 250, 6, 2021, '2025-03-14 23:10:10', '2025-03-14 23:10:10'),
(774, 27, 6700, 6, 2021, '2025-03-14 23:10:10', '2025-03-14 23:10:10'),
(775, 31, 2126, 6, 2021, '2025-03-14 23:10:10', '2025-03-14 23:10:10'),
(776, 26, 500, 6, 2021, '2025-03-14 23:10:10', '2025-03-14 23:10:10'),
(777, 43, 798, 6, 2021, '2025-03-14 23:10:10', '2025-03-14 23:10:10'),
(778, 50, 425, 6, 2021, '2025-03-14 23:10:10', '2025-03-14 23:10:10'),
(779, 28, 6026, 6, 2021, '2025-03-14 23:10:10', '2025-03-14 23:10:10'),
(780, 13, 80, 6, 2021, '2025-03-14 23:10:10', '2025-03-14 23:10:10'),
(781, 1, 6037, 6, 2021, '2025-03-14 23:10:10', '2025-03-14 23:10:10'),
(782, 3, 128, 6, 2021, '2025-03-14 23:10:10', '2025-03-14 23:10:10'),
(783, 8, 45360, 6, 2021, '2025-03-14 23:10:10', '2025-03-14 23:10:10'),
(784, 10, 918, 6, 2021, '2025-03-14 23:10:10', '2025-03-14 23:10:10'),
(785, 14, 946, 6, 2021, '2025-03-14 23:10:10', '2025-03-14 23:10:10'),
(786, 16, 119, 6, 2021, '2025-03-14 23:10:10', '2025-03-14 23:10:10'),
(787, 19, 19943, 6, 2021, '2025-03-14 23:10:10', '2025-03-14 23:10:10'),
(788, 20, 826, 6, 2021, '2025-03-14 23:10:10', '2025-03-14 23:10:10'),
(789, 39, 82, 6, 2021, '2025-03-14 23:10:10', '2025-03-14 23:10:10'),
(790, 15, 13804, 6, 2021, '2025-03-14 23:10:10', '2025-03-14 23:10:10'),
(791, 17, 58, 6, 2021, '2025-03-14 23:10:10', '2025-03-14 23:10:10'),
(792, 18, 10889, 6, 2021, '2025-03-14 23:10:10', '2025-03-14 23:10:10'),
(793, 32, 0, 7, 2021, '2025-03-14 23:10:10', '2025-03-14 23:10:10'),
(794, 27, 0, 7, 2021, '2025-03-14 23:10:10', '2025-03-14 23:10:10'),
(795, 31, 0, 7, 2021, '2025-03-14 23:10:10', '2025-03-14 23:10:10'),
(796, 26, 0, 7, 2021, '2025-03-14 23:10:10', '2025-03-14 23:10:10'),
(797, 43, 0, 7, 2021, '2025-03-14 23:10:10', '2025-03-14 23:10:10'),
(798, 50, 0, 7, 2021, '2025-03-14 23:10:10', '2025-03-14 23:10:10'),
(799, 28, 0, 7, 2021, '2025-03-14 23:10:10', '2025-03-14 23:10:10'),
(800, 13, 0, 7, 2021, '2025-03-14 23:10:10', '2025-03-14 23:10:10'),
(801, 1, 0, 7, 2021, '2025-03-14 23:10:10', '2025-03-14 23:10:10'),
(802, 3, 0, 7, 2021, '2025-03-14 23:10:10', '2025-03-14 23:10:10'),
(803, 8, 19330, 7, 2021, '2025-03-14 23:10:10', '2025-03-14 23:10:10'),
(804, 10, 0, 7, 2021, '2025-03-14 23:10:10', '2025-03-14 23:10:10'),
(805, 14, 0, 7, 2021, '2025-03-14 23:10:10', '2025-03-14 23:10:10'),
(806, 16, 0, 7, 2021, '2025-03-14 23:10:10', '2025-03-14 23:10:10'),
(807, 19, 3330, 7, 2021, '2025-03-14 23:10:10', '2025-03-14 23:10:10'),
(808, 20, 0, 7, 2021, '2025-03-14 23:10:10', '2025-03-14 23:10:10'),
(809, 39, 0, 7, 2021, '2025-03-14 23:10:10', '2025-03-14 23:10:10'),
(810, 15, 0, 7, 2021, '2025-03-14 23:10:10', '2025-03-14 23:10:10'),
(811, 17, 0, 7, 2021, '2025-03-14 23:10:10', '2025-03-14 23:10:10'),
(812, 18, 0, 7, 2021, '2025-03-14 23:10:10', '2025-03-14 23:10:10'),
(813, 32, 0, 8, 2021, '2025-03-14 23:10:10', '2025-03-14 23:10:10'),
(814, 27, 0, 8, 2021, '2025-03-14 23:10:10', '2025-03-14 23:10:10'),
(815, 31, 0, 8, 2021, '2025-03-14 23:10:10', '2025-03-14 23:10:10'),
(816, 26, 0, 8, 2021, '2025-03-14 23:10:10', '2025-03-14 23:10:10'),
(817, 43, 0, 8, 2021, '2025-03-14 23:10:10', '2025-03-14 23:10:10'),
(818, 50, 0, 8, 2021, '2025-03-14 23:10:10', '2025-03-14 23:10:10'),
(819, 28, 0, 8, 2021, '2025-03-14 23:10:10', '2025-03-14 23:10:10'),
(820, 13, 0, 8, 2021, '2025-03-14 23:10:10', '2025-03-14 23:10:10'),
(821, 1, 0, 8, 2021, '2025-03-14 23:10:10', '2025-03-14 23:10:10'),
(822, 3, 0, 8, 2021, '2025-03-14 23:10:10', '2025-03-14 23:10:10'),
(823, 8, 32055, 8, 2021, '2025-03-14 23:10:10', '2025-03-14 23:10:10'),
(824, 10, 0, 8, 2021, '2025-03-14 23:10:10', '2025-03-14 23:10:10'),
(825, 14, 0, 8, 2021, '2025-03-14 23:10:10', '2025-03-14 23:10:10'),
(826, 16, 0, 8, 2021, '2025-03-14 23:10:10', '2025-03-14 23:10:10'),
(827, 19, 0, 8, 2021, '2025-03-14 23:10:10', '2025-03-14 23:10:10'),
(828, 20, 0, 8, 2021, '2025-03-14 23:10:10', '2025-03-14 23:10:10'),
(829, 39, 0, 8, 2021, '2025-03-14 23:10:10', '2025-03-14 23:10:10'),
(830, 15, 0, 8, 2021, '2025-03-14 23:10:10', '2025-03-14 23:10:10'),
(831, 17, 0, 8, 2021, '2025-03-14 23:10:10', '2025-03-14 23:10:10'),
(832, 18, 0, 8, 2021, '2025-03-14 23:10:10', '2025-03-14 23:10:10'),
(833, 32, 0, 9, 2021, '2025-03-14 23:10:10', '2025-03-14 23:10:10'),
(834, 27, 0, 9, 2021, '2025-03-14 23:10:10', '2025-03-14 23:10:10'),
(835, 31, 0, 9, 2021, '2025-03-14 23:10:10', '2025-03-14 23:10:10'),
(836, 26, 0, 9, 2021, '2025-03-14 23:10:10', '2025-03-14 23:10:10'),
(837, 43, 0, 9, 2021, '2025-03-14 23:10:10', '2025-03-14 23:10:10'),
(838, 50, 0, 9, 2021, '2025-03-14 23:10:10', '2025-03-14 23:10:10'),
(839, 28, 0, 9, 2021, '2025-03-14 23:10:10', '2025-03-14 23:10:10'),
(840, 13, 0, 9, 2021, '2025-03-14 23:10:10', '2025-03-14 23:10:10'),
(841, 1, 0, 9, 2021, '2025-03-14 23:10:10', '2025-03-14 23:10:10'),
(842, 3, 0, 9, 2021, '2025-03-14 23:10:10', '2025-03-14 23:10:10'),
(843, 8, 52805, 9, 2021, '2025-03-14 23:10:10', '2025-03-14 23:10:10'),
(844, 10, 0, 9, 2021, '2025-03-14 23:10:10', '2025-03-14 23:10:10'),
(845, 14, 0, 9, 2021, '2025-03-14 23:10:10', '2025-03-14 23:10:10'),
(846, 16, 0, 9, 2021, '2025-03-14 23:10:10', '2025-03-14 23:10:10'),
(847, 19, 0, 9, 2021, '2025-03-14 23:10:10', '2025-03-14 23:10:10'),
(848, 20, 0, 9, 2021, '2025-03-14 23:10:10', '2025-03-14 23:10:10'),
(849, 39, 0, 9, 2021, '2025-03-14 23:10:10', '2025-03-14 23:10:10'),
(850, 15, 0, 9, 2021, '2025-03-14 23:10:10', '2025-03-14 23:10:10'),
(851, 17, 0, 9, 2021, '2025-03-14 23:10:10', '2025-03-14 23:10:10'),
(852, 18, 0, 9, 2021, '2025-03-14 23:10:10', '2025-03-14 23:10:10'),
(853, 32, 0, 10, 2021, '2025-03-14 23:10:10', '2025-03-14 23:10:10'),
(854, 27, 0, 10, 2021, '2025-03-14 23:10:10', '2025-03-14 23:10:10'),
(855, 31, 12633, 10, 2021, '2025-03-14 23:10:10', '2025-03-14 23:10:10'),
(856, 26, 0, 10, 2021, '2025-03-14 23:10:10', '2025-03-14 23:10:10'),
(857, 43, 0, 10, 2021, '2025-03-14 23:10:10', '2025-03-14 23:10:10'),
(858, 50, 0, 10, 2021, '2025-03-14 23:10:10', '2025-03-14 23:10:10'),
(859, 28, 0, 10, 2021, '2025-03-14 23:10:10', '2025-03-14 23:10:10'),
(860, 13, 0, 10, 2021, '2025-03-14 23:10:10', '2025-03-14 23:10:10'),
(861, 1, 5412, 10, 2021, '2025-03-14 23:10:10', '2025-03-14 23:10:10'),
(862, 3, 0, 10, 2021, '2025-03-14 23:10:10', '2025-03-14 23:10:10'),
(863, 8, 55720, 10, 2021, '2025-03-14 23:10:10', '2025-03-14 23:10:10'),
(864, 10, 0, 10, 2021, '2025-03-14 23:10:10', '2025-03-14 23:10:10'),
(865, 14, 0, 10, 2021, '2025-03-14 23:10:10', '2025-03-14 23:10:10'),
(866, 16, 0, 10, 2021, '2025-03-14 23:10:10', '2025-03-14 23:10:10'),
(867, 19, 9864, 10, 2021, '2025-03-14 23:10:10', '2025-03-14 23:10:10'),
(868, 20, 0, 10, 2021, '2025-03-14 23:10:10', '2025-03-14 23:10:10'),
(869, 39, 0, 10, 2021, '2025-03-14 23:10:10', '2025-03-14 23:10:10'),
(870, 15, 0, 10, 2021, '2025-03-14 23:10:10', '2025-03-14 23:10:10'),
(871, 17, 0, 10, 2021, '2025-03-14 23:10:10', '2025-03-14 23:10:10'),
(872, 18, 0, 10, 2021, '2025-03-14 23:10:10', '2025-03-14 23:10:10'),
(873, 32, 0, 11, 2021, '2025-03-14 23:10:10', '2025-03-14 23:10:10'),
(874, 27, 0, 11, 2021, '2025-03-14 23:10:10', '2025-03-14 23:10:10'),
(875, 31, 5359, 11, 2021, '2025-03-14 23:10:10', '2025-03-14 23:10:10'),
(876, 26, 0, 11, 2021, '2025-03-14 23:10:10', '2025-03-14 23:10:10'),
(877, 43, 0, 11, 2021, '2025-03-14 23:10:10', '2025-03-14 23:10:10'),
(878, 50, 0, 11, 2021, '2025-03-14 23:10:10', '2025-03-14 23:10:10'),
(879, 28, 0, 11, 2021, '2025-03-14 23:10:10', '2025-03-14 23:10:10'),
(880, 13, 0, 11, 2021, '2025-03-14 23:10:10', '2025-03-14 23:10:10'),
(881, 1, 3810, 11, 2021, '2025-03-14 23:10:10', '2025-03-14 23:10:10'),
(882, 3, 0, 11, 2021, '2025-03-14 23:10:10', '2025-03-14 23:10:10'),
(883, 8, 59165, 11, 2021, '2025-03-14 23:10:10', '2025-03-14 23:10:10'),
(884, 10, 0, 11, 2021, '2025-03-14 23:10:10', '2025-03-14 23:10:10'),
(885, 14, 0, 11, 2021, '2025-03-14 23:10:10', '2025-03-14 23:10:10'),
(886, 16, 0, 11, 2021, '2025-03-14 23:10:10', '2025-03-14 23:10:10'),
(887, 19, 7088, 11, 2021, '2025-03-14 23:10:10', '2025-03-14 23:10:10'),
(888, 20, 0, 11, 2021, '2025-03-14 23:10:10', '2025-03-14 23:10:10'),
(889, 39, 0, 11, 2021, '2025-03-14 23:10:10', '2025-03-14 23:10:10'),
(890, 15, 0, 11, 2021, '2025-03-14 23:10:10', '2025-03-14 23:10:10'),
(891, 17, 0, 11, 2021, '2025-03-14 23:10:10', '2025-03-14 23:10:10'),
(892, 18, 0, 11, 2021, '2025-03-14 23:10:10', '2025-03-14 23:10:10'),
(893, 32, 0, 12, 2021, '2025-03-14 23:10:10', '2025-03-14 23:10:10'),
(894, 27, 9400, 12, 2021, '2025-03-14 23:10:10', '2025-03-14 23:10:10'),
(895, 31, 6010, 12, 2021, '2025-03-14 23:10:10', '2025-03-14 23:10:10'),
(896, 26, 486, 12, 2021, '2025-03-14 23:10:10', '2025-03-14 23:10:10'),
(897, 43, 823, 12, 2021, '2025-03-14 23:10:10', '2025-03-14 23:10:10'),
(898, 50, 531, 12, 2021, '2025-03-14 23:10:10', '2025-03-14 23:10:10'),
(899, 28, 6726, 12, 2021, '2025-03-14 23:10:10', '2025-03-14 23:10:10'),
(900, 13, 97, 12, 2021, '2025-03-14 23:10:10', '2025-03-14 23:10:10'),
(901, 1, 4794, 12, 2021, '2025-03-14 23:10:10', '2025-03-14 23:10:10'),
(902, 3, 122, 12, 2021, '2025-03-14 23:10:10', '2025-03-14 23:10:10'),
(903, 8, 66150, 12, 2021, '2025-03-14 23:10:10', '2025-03-14 23:10:10'),
(904, 10, 468, 12, 2021, '2025-03-14 23:10:10', '2025-03-14 23:10:10'),
(905, 14, 575, 12, 2021, '2025-03-14 23:10:10', '2025-03-14 23:10:10'),
(906, 16, 61, 12, 2021, '2025-03-14 23:10:10', '2025-03-14 23:10:10'),
(907, 19, 10533, 12, 2021, '2025-03-14 23:10:10', '2025-03-14 23:10:10'),
(908, 20, 530, 12, 2021, '2025-03-14 23:10:10', '2025-03-14 23:10:10'),
(909, 39, 102, 12, 2021, '2025-03-14 23:10:10', '2025-03-14 23:10:10'),
(910, 15, 6157, 12, 2021, '2025-03-14 23:10:10', '2025-03-14 23:10:10'),
(911, 17, 52, 12, 2021, '2025-03-14 23:10:10', '2025-03-14 23:10:10'),
(912, 18, 6621, 12, 2021, '2025-03-14 23:10:10', '2025-03-14 23:10:10'),
(913, 32, 275, 1, 2022, '2025-03-14 23:10:10', '2025-03-14 23:10:10'),
(914, 27, 9400, 1, 2022, '2025-03-14 23:10:10', '2025-03-14 23:10:10'),
(915, 31, 8646, 1, 2022, '2025-03-14 23:10:10', '2025-03-14 23:10:10'),
(916, 26, 3424, 1, 2022, '2025-03-14 23:10:10', '2025-03-14 23:10:10'),
(917, 50, 0, 1, 2022, '2025-03-14 23:10:10', '2025-03-14 23:10:10'),
(918, 28, 2500, 1, 2022, '2025-03-14 23:10:10', '2025-03-14 23:10:10'),
(919, 13, 205, 1, 2022, '2025-03-14 23:10:10', '2025-03-14 23:10:10'),
(920, 3, 100, 1, 2022, '2025-03-14 23:10:10', '2025-03-14 23:10:10'),
(921, 8, 61970, 1, 2022, '2025-03-14 23:10:10', '2025-03-14 23:10:10'),
(922, 10, 1449, 1, 2022, '2025-03-14 23:10:10', '2025-03-14 23:10:10'),
(923, 14, 1200, 1, 2022, '2025-03-14 23:10:10', '2025-03-14 23:10:10'),
(924, 16, 0, 1, 2022, '2025-03-14 23:10:10', '2025-03-14 23:10:10'),
(925, 19, 9294, 1, 2022, '2025-03-14 23:10:10', '2025-03-14 23:10:10'),
(926, 20, 158, 1, 2022, '2025-03-14 23:10:10', '2025-03-14 23:10:10'),
(927, 39, 50, 1, 2022, '2025-03-14 23:10:10', '2025-03-14 23:10:10'),
(928, 15, 5431, 1, 2022, '2025-03-14 23:10:10', '2025-03-14 23:10:10'),
(929, 17, 1329, 1, 2022, '2025-03-14 23:10:10', '2025-03-14 23:10:10'),
(930, 24, 345, 1, 2022, '2025-03-14 23:10:10', '2025-03-14 23:10:10'),
(931, 18, 5085, 1, 2022, '2025-03-14 23:10:10', '2025-03-14 23:10:10'),
(932, 42, 200, 1, 2022, '2025-03-14 23:10:10', '2025-03-14 23:10:10'),
(933, 49, 0, 1, 2022, '2025-03-14 23:10:10', '2025-03-14 23:10:10'),
(934, 46, 0, 1, 2022, '2025-03-14 23:10:10', '2025-03-14 23:10:10'),
(935, 5, 0, 1, 2022, '2025-03-14 23:10:10', '2025-03-14 23:10:10'),
(936, 40, 0, 1, 2022, '2025-03-14 23:10:10', '2025-03-14 23:10:10'),
(937, 6, 1997, 1, 2022, '2025-03-14 23:10:10', '2025-03-14 23:10:10'),
(938, 7, 4570, 1, 2022, '2025-03-14 23:10:10', '2025-03-14 23:10:10'),
(939, 38, 0, 1, 2022, '2025-03-14 23:10:10', '2025-03-14 23:10:10'),
(940, 11, 0, 1, 2022, '2025-03-14 23:10:10', '2025-03-14 23:10:10'),
(941, 43, 437, 1, 2022, '2025-03-14 23:10:10', '2025-03-14 23:10:10'),
(942, 1, 2750, 1, 2022, '2025-03-14 23:10:10', '2025-03-14 23:10:10'),
(943, 32, 620, 2, 2022, '2025-03-14 23:10:10', '2025-03-14 23:10:10'),
(944, 27, 12400, 2, 2022, '2025-03-14 23:10:10', '2025-03-14 23:10:10'),
(945, 31, 4777, 2, 2022, '2025-03-14 23:10:10', '2025-03-14 23:10:10'),
(946, 26, 1460, 2, 2022, '2025-03-14 23:10:10', '2025-03-14 23:10:10'),
(947, 50, 0, 2, 2022, '2025-03-14 23:10:10', '2025-03-14 23:10:10'),
(948, 28, 4500, 2, 2022, '2025-03-14 23:10:10', '2025-03-14 23:10:10'),
(949, 13, 75, 2, 2022, '2025-03-14 23:10:10', '2025-03-14 23:10:10'),
(950, 3, 50, 2, 2022, '2025-03-14 23:10:10', '2025-03-14 23:10:10'),
(951, 8, 51780, 2, 2022, '2025-03-14 23:10:10', '2025-03-14 23:10:10'),
(952, 10, 517, 2, 2022, '2025-03-14 23:10:10', '2025-03-14 23:10:10'),
(953, 14, 300, 2, 2022, '2025-03-14 23:10:10', '2025-03-14 23:10:10'),
(954, 16, 0, 2, 2022, '2025-03-14 23:10:10', '2025-03-14 23:10:10'),
(955, 19, 5028, 2, 2022, '2025-03-14 23:10:10', '2025-03-14 23:10:10'),
(956, 20, 106, 2, 2022, '2025-03-14 23:10:10', '2025-03-14 23:10:10'),
(957, 39, 0, 2, 2022, '2025-03-14 23:10:10', '2025-03-14 23:10:10'),
(958, 15, 2909, 2, 2022, '2025-03-14 23:10:10', '2025-03-14 23:10:10'),
(959, 17, 680, 2, 2022, '2025-03-14 23:10:10', '2025-03-14 23:10:10'),
(960, 24, 200, 2, 2022, '2025-03-14 23:10:10', '2025-03-14 23:10:10'),
(961, 18, 3175, 2, 2022, '2025-03-14 23:10:10', '2025-03-14 23:10:10'),
(962, 42, 125, 2, 2022, '2025-03-14 23:10:10', '2025-03-14 23:10:10'),
(963, 49, 0, 2, 2022, '2025-03-14 23:10:10', '2025-03-14 23:10:10'),
(964, 46, 0, 2, 2022, '2025-03-14 23:10:10', '2025-03-14 23:10:10'),
(965, 5, 0, 2, 2022, '2025-03-14 23:10:10', '2025-03-14 23:10:10'),
(966, 40, 0, 2, 2022, '2025-03-14 23:10:10', '2025-03-14 23:10:10'),
(967, 6, 1058, 2, 2022, '2025-03-14 23:10:10', '2025-03-14 23:10:10'),
(968, 7, 2552, 2, 2022, '2025-03-14 23:10:10', '2025-03-14 23:10:10'),
(969, 38, 0, 2, 2022, '2025-03-14 23:10:10', '2025-03-14 23:10:10'),
(970, 11, 0, 2, 2022, '2025-03-14 23:10:10', '2025-03-14 23:10:10'),
(971, 43, 347, 2, 2022, '2025-03-14 23:10:10', '2025-03-14 23:10:10'),
(972, 1, 1113, 2, 2022, '2025-03-14 23:10:10', '2025-03-14 23:10:10'),
(973, 32, 840, 3, 2022, '2025-03-14 23:10:10', '2025-03-14 23:10:10'),
(974, 27, 14200, 3, 2022, '2025-03-14 23:10:10', '2025-03-14 23:10:10'),
(975, 31, 5190, 3, 2022, '2025-03-14 23:10:10', '2025-03-14 23:10:10'),
(976, 26, 1017, 3, 2022, '2025-03-14 23:10:10', '2025-03-14 23:10:10'),
(977, 50, 0, 3, 2022, '2025-03-14 23:10:10', '2025-03-14 23:10:10'),
(978, 28, 2800, 3, 2022, '2025-03-14 23:10:10', '2025-03-14 23:10:10'),
(979, 13, 40, 3, 2022, '2025-03-14 23:10:10', '2025-03-14 23:10:10'),
(980, 3, 150, 3, 2022, '2025-03-14 23:10:10', '2025-03-14 23:10:10'),
(981, 8, 69475, 3, 2022, '2025-03-14 23:10:10', '2025-03-14 23:10:10'),
(982, 10, 464, 3, 2022, '2025-03-14 23:10:10', '2025-03-14 23:10:10'),
(983, 14, 375, 3, 2022, '2025-03-14 23:10:10', '2025-03-14 23:10:10'),
(984, 16, 0, 3, 2022, '2025-03-14 23:10:10', '2025-03-14 23:10:10'),
(985, 19, 5050, 3, 2022, '2025-03-14 23:10:10', '2025-03-14 23:10:10'),
(986, 20, 156, 3, 2022, '2025-03-14 23:10:10', '2025-03-14 23:10:10'),
(987, 39, 0, 3, 2022, '2025-03-14 23:10:10', '2025-03-14 23:10:10'),
(988, 15, 3323, 3, 2022, '2025-03-14 23:10:10', '2025-03-14 23:10:10'),
(989, 17, 760, 3, 2022, '2025-03-14 23:10:10', '2025-03-14 23:10:10'),
(990, 24, 500, 3, 2022, '2025-03-14 23:10:10', '2025-03-14 23:10:10'),
(991, 18, 2977, 3, 2022, '2025-03-14 23:10:10', '2025-03-14 23:10:10'),
(992, 42, 142, 3, 2022, '2025-03-14 23:10:10', '2025-03-14 23:10:10'),
(993, 49, 0, 3, 2022, '2025-03-14 23:10:10', '2025-03-14 23:10:10'),
(994, 46, 0, 3, 2022, '2025-03-14 23:10:10', '2025-03-14 23:10:10'),
(995, 5, 0, 3, 2022, '2025-03-14 23:10:10', '2025-03-14 23:10:10'),
(996, 40, 0, 3, 2022, '2025-03-14 23:10:10', '2025-03-14 23:10:10'),
(997, 6, 1100, 3, 2022, '2025-03-14 23:10:10', '2025-03-14 23:10:10'),
(998, 7, 2554, 3, 2022, '2025-03-14 23:10:10', '2025-03-14 23:10:10'),
(999, 38, 0, 3, 2022, '2025-03-14 23:10:10', '2025-03-14 23:10:10'),
(1000, 11, 0, 3, 2022, '2025-03-14 23:10:10', '2025-03-14 23:10:10'),
(1001, 43, 276, 3, 2022, '2025-03-14 23:10:10', '2025-03-14 23:10:10'),
(1002, 1, 1098, 3, 2022, '2025-03-14 23:10:10', '2025-03-14 23:10:10'),
(1003, 32, 0, 4, 2022, '2025-03-14 23:10:10', '2025-03-14 23:10:10'),
(1004, 27, 3100, 4, 2022, '2025-03-14 23:10:10', '2025-03-14 23:10:10'),
(1005, 31, 850, 4, 2022, '2025-03-14 23:10:10', '2025-03-14 23:10:10'),
(1006, 26, 0, 4, 2022, '2025-03-14 23:10:10', '2025-03-14 23:10:10'),
(1007, 50, 0, 4, 2022, '2025-03-14 23:10:10', '2025-03-14 23:10:10'),
(1008, 28, 1100, 4, 2022, '2025-03-14 23:10:10', '2025-03-14 23:10:10'),
(1009, 13, 0, 4, 2022, '2025-03-14 23:10:10', '2025-03-14 23:10:10'),
(1010, 3, 27, 4, 2022, '2025-03-14 23:10:10', '2025-03-14 23:10:10'),
(1011, 8, 45600, 4, 2022, '2025-03-14 23:10:10', '2025-03-14 23:10:10'),
(1012, 10, 174, 4, 2022, '2025-03-14 23:10:10', '2025-03-14 23:10:10'),
(1013, 14, 25, 4, 2022, '2025-03-14 23:10:10', '2025-03-14 23:10:10'),
(1014, 16, 33, 4, 2022, '2025-03-14 23:10:10', '2025-03-14 23:10:10'),
(1015, 19, 1403, 4, 2022, '2025-03-14 23:10:10', '2025-03-14 23:10:10'),
(1016, 20, 49, 4, 2022, '2025-03-14 23:10:10', '2025-03-14 23:10:10'),
(1017, 39, 0, 4, 2022, '2025-03-14 23:10:10', '2025-03-14 23:10:10'),
(1018, 15, 570, 4, 2022, '2025-03-14 23:10:10', '2025-03-14 23:10:10'),
(1019, 17, 0, 4, 2022, '2025-03-14 23:10:10', '2025-03-14 23:10:10'),
(1020, 24, 0, 4, 2022, '2025-03-14 23:10:10', '2025-03-14 23:10:10'),
(1021, 18, 760, 4, 2022, '2025-03-14 23:10:10', '2025-03-14 23:10:10'),
(1022, 42, 230, 4, 2022, '2025-03-14 23:10:10', '2025-03-14 23:10:10'),
(1023, 49, 0, 4, 2022, '2025-03-14 23:10:10', '2025-03-14 23:10:10'),
(1024, 46, 0, 4, 2022, '2025-03-14 23:10:10', '2025-03-14 23:10:10'),
(1025, 5, 0, 4, 2022, '2025-03-14 23:10:10', '2025-03-14 23:10:10'),
(1026, 40, 0, 4, 2022, '2025-03-14 23:10:10', '2025-03-14 23:10:10'),
(1027, 6, 1010, 4, 2022, '2025-03-14 23:10:10', '2025-03-14 23:10:10'),
(1028, 7, 2651, 4, 2022, '2025-03-14 23:10:10', '2025-03-14 23:10:10'),
(1029, 38, 0, 4, 2022, '2025-03-14 23:10:10', '2025-03-14 23:10:10'),
(1030, 11, 0, 4, 2022, '2025-03-14 23:10:10', '2025-03-14 23:10:10'),
(1031, 43, 123, 4, 2022, '2025-03-14 23:10:10', '2025-03-14 23:10:10'),
(1032, 1, 103, 4, 2022, '2025-03-14 23:10:10', '2025-03-14 23:10:10'),
(1033, 32, 3300, 5, 2022, '2025-03-14 23:10:10', '2025-03-14 23:10:10'),
(1034, 27, 21900, 5, 2022, '2025-03-14 23:10:10', '2025-03-14 23:10:10'),
(1035, 31, 24069, 5, 2022, '2025-03-14 23:10:10', '2025-03-14 23:10:10'),
(1036, 26, 4175, 5, 2022, '2025-03-14 23:10:10', '2025-03-14 23:10:10'),
(1037, 50, 0, 5, 2022, '2025-03-14 23:10:10', '2025-03-14 23:10:10'),
(1038, 28, 3600, 5, 2022, '2025-03-14 23:10:10', '2025-03-14 23:10:10'),
(1039, 13, 35, 5, 2022, '2025-03-14 23:10:10', '2025-03-14 23:10:10'),
(1040, 3, 120, 5, 2022, '2025-03-14 23:10:10', '2025-03-14 23:10:10'),
(1041, 8, 91215, 5, 2022, '2025-03-14 23:10:10', '2025-03-14 23:10:10'),
(1042, 10, 1311, 5, 2022, '2025-03-14 23:10:10', '2025-03-14 23:10:10'),
(1043, 14, 831, 5, 2022, '2025-03-14 23:10:10', '2025-03-14 23:10:10'),
(1044, 16, 393, 5, 2022, '2025-03-14 23:10:10', '2025-03-14 23:10:10'),
(1045, 19, 9856, 5, 2022, '2025-03-14 23:10:10', '2025-03-14 23:10:10'),
(1046, 20, 189, 5, 2022, '2025-03-14 23:10:10', '2025-03-14 23:10:10'),
(1047, 39, 0, 5, 2022, '2025-03-14 23:10:10', '2025-03-14 23:10:10'),
(1048, 15, 4647, 5, 2022, '2025-03-14 23:10:10', '2025-03-14 23:10:10'),
(1049, 17, 786, 5, 2022, '2025-03-14 23:10:10', '2025-03-14 23:10:10'),
(1050, 24, 300, 5, 2022, '2025-03-14 23:10:10', '2025-03-14 23:10:10'),
(1051, 18, 4369, 5, 2022, '2025-03-14 23:10:10', '2025-03-14 23:10:10'),
(1052, 42, 1316, 5, 2022, '2025-03-14 23:10:10', '2025-03-14 23:10:10'),
(1053, 49, 0, 5, 2022, '2025-03-14 23:10:10', '2025-03-14 23:10:10'),
(1054, 46, 0, 5, 2022, '2025-03-14 23:10:10', '2025-03-14 23:10:10'),
(1055, 5, 0, 5, 2022, '2025-03-14 23:10:10', '2025-03-14 23:10:10'),
(1056, 40, 351, 5, 2022, '2025-03-14 23:10:10', '2025-03-14 23:10:10'),
(1057, 6, 1820, 5, 2022, '2025-03-14 23:10:10', '2025-03-14 23:10:10'),
(1058, 7, 4848, 5, 2022, '2025-03-14 23:10:10', '2025-03-14 23:10:10'),
(1059, 38, 0, 5, 2022, '2025-03-14 23:10:10', '2025-03-14 23:10:10'),
(1060, 11, 10122, 5, 2022, '2025-03-14 23:10:10', '2025-03-14 23:10:10'),
(1061, 43, 239, 5, 2022, '2025-03-14 23:10:10', '2025-03-14 23:10:10'),
(1062, 1, 2753, 5, 2022, '2025-03-14 23:10:10', '2025-03-14 23:10:10'),
(1063, 32, 453, 6, 2022, '2025-03-14 23:10:10', '2025-03-14 23:10:10'),
(1064, 27, 16600, 6, 2022, '2025-03-14 23:10:10', '2025-03-14 23:10:10'),
(1065, 31, 9559, 6, 2022, '2025-03-14 23:10:10', '2025-03-14 23:10:10'),
(1066, 26, 1991, 6, 2022, '2025-03-14 23:10:10', '2025-03-14 23:10:10'),
(1067, 50, 0, 6, 2022, '2025-03-14 23:10:10', '2025-03-14 23:10:10'),
(1068, 28, 3100, 6, 2022, '2025-03-14 23:10:10', '2025-03-14 23:10:10'),
(1069, 13, 34, 6, 2022, '2025-03-14 23:10:10', '2025-03-14 23:10:10'),
(1070, 3, 80, 6, 2022, '2025-03-14 23:10:10', '2025-03-14 23:10:10'),
(1071, 8, 56390, 6, 2022, '2025-03-14 23:10:10', '2025-03-14 23:10:10'),
(1072, 10, 480, 6, 2022, '2025-03-14 23:10:10', '2025-03-14 23:10:10'),
(1073, 14, 405, 6, 2022, '2025-03-14 23:10:10', '2025-03-14 23:10:10'),
(1074, 16, 228, 6, 2022, '2025-03-14 23:10:10', '2025-03-14 23:10:10'),
(1075, 19, 6176, 6, 2022, '2025-03-14 23:10:10', '2025-03-14 23:10:10'),
(1076, 20, 163, 6, 2022, '2025-03-14 23:10:10', '2025-03-14 23:10:10'),
(1077, 39, 0, 6, 2022, '2025-03-14 23:10:10', '2025-03-14 23:10:10'),
(1078, 15, 4422, 6, 2022, '2025-03-14 23:10:10', '2025-03-14 23:10:10'),
(1079, 17, 678, 6, 2022, '2025-03-14 23:10:10', '2025-03-14 23:10:10'),
(1080, 24, 98, 6, 2022, '2025-03-14 23:10:10', '2025-03-14 23:10:10'),
(1081, 18, 4649, 6, 2022, '2025-03-14 23:10:10', '2025-03-14 23:10:10'),
(1082, 42, 456, 6, 2022, '2025-03-14 23:10:10', '2025-03-14 23:10:10'),
(1083, 49, 0, 6, 2022, '2025-03-14 23:10:10', '2025-03-14 23:10:10'),
(1084, 46, 0, 6, 2022, '2025-03-14 23:10:10', '2025-03-14 23:10:10'),
(1085, 5, 0, 6, 2022, '2025-03-14 23:10:10', '2025-03-14 23:10:10'),
(1086, 40, 0, 6, 2022, '2025-03-14 23:10:10', '2025-03-14 23:10:10'),
(1087, 6, 1968, 6, 2022, '2025-03-14 23:10:10', '2025-03-14 23:10:10'),
(1088, 7, 2935, 6, 2022, '2025-03-14 23:10:10', '2025-03-14 23:10:10'),
(1089, 38, 0, 6, 2022, '2025-03-14 23:10:10', '2025-03-14 23:10:10'),
(1090, 11, 2161, 6, 2022, '2025-03-14 23:10:10', '2025-03-14 23:10:10'),
(1091, 43, 274, 6, 2022, '2025-03-14 23:10:10', '2025-03-14 23:10:10'),
(1092, 1, 995, 6, 2022, '2025-03-14 23:10:10', '2025-03-14 23:10:10'),
(1093, 32, 535, 7, 2022, '2025-03-14 23:10:10', '2025-03-14 23:10:10'),
(1094, 27, 22800, 7, 2022, '2025-03-14 23:10:10', '2025-03-14 23:10:10'),
(1095, 31, 14370, 7, 2022, '2025-03-14 23:10:10', '2025-03-14 23:10:10'),
(1096, 26, 2434, 7, 2022, '2025-03-14 23:10:10', '2025-03-14 23:10:10'),
(1097, 50, 0, 7, 2022, '2025-03-14 23:10:10', '2025-03-14 23:10:10'),
(1098, 28, 4500, 7, 2022, '2025-03-14 23:10:10', '2025-03-14 23:10:10'),
(1099, 13, 52, 7, 2022, '2025-03-14 23:10:10', '2025-03-14 23:10:10'),
(1100, 3, 0, 7, 2022, '2025-03-14 23:10:10', '2025-03-14 23:10:10'),
(1101, 8, 71750, 7, 2022, '2025-03-14 23:10:10', '2025-03-14 23:10:10'),
(1102, 10, 441, 7, 2022, '2025-03-14 23:10:10', '2025-03-14 23:10:10'),
(1103, 14, 674, 7, 2022, '2025-03-14 23:10:10', '2025-03-14 23:10:10'),
(1104, 16, 127, 7, 2022, '2025-03-14 23:10:10', '2025-03-14 23:10:10'),
(1105, 19, 7656, 7, 2022, '2025-03-14 23:10:10', '2025-03-14 23:10:10'),
(1106, 20, 161, 7, 2022, '2025-03-14 23:10:10', '2025-03-14 23:10:10'),
(1107, 39, 0, 7, 2022, '2025-03-14 23:10:10', '2025-03-14 23:10:10'),
(1108, 15, 5684, 7, 2022, '2025-03-14 23:10:10', '2025-03-14 23:10:10'),
(1109, 17, 1183, 7, 2022, '2025-03-14 23:10:10', '2025-03-14 23:10:10'),
(1110, 24, 850, 7, 2022, '2025-03-14 23:10:10', '2025-03-14 23:10:10'),
(1111, 18, 3848, 7, 2022, '2025-03-14 23:10:10', '2025-03-14 23:10:10'),
(1112, 42, 1204, 7, 2022, '2025-03-14 23:10:10', '2025-03-14 23:10:10'),
(1113, 49, 0, 7, 2022, '2025-03-14 23:10:10', '2025-03-14 23:10:10'),
(1114, 46, 0, 7, 2022, '2025-03-14 23:10:10', '2025-03-14 23:10:10'),
(1115, 5, 0, 7, 2022, '2025-03-14 23:10:10', '2025-03-14 23:10:10'),
(1116, 40, 0, 7, 2022, '2025-03-14 23:10:10', '2025-03-14 23:10:10'),
(1117, 6, 1799, 7, 2022, '2025-03-14 23:10:10', '2025-03-14 23:10:10'),
(1118, 7, 3662, 7, 2022, '2025-03-14 23:10:10', '2025-03-14 23:10:10'),
(1119, 38, 0, 7, 2022, '2025-03-14 23:10:10', '2025-03-14 23:10:10'),
(1120, 11, 9614, 7, 2022, '2025-03-14 23:10:10', '2025-03-14 23:10:10'),
(1121, 43, 352, 7, 2022, '2025-03-14 23:10:10', '2025-03-14 23:10:10'),
(1122, 1, 1706, 7, 2022, '2025-03-14 23:10:10', '2025-03-14 23:10:10'),
(1123, 32, 174, 8, 2022, '2025-03-14 23:10:10', '2025-03-14 23:10:10'),
(1124, 27, 7200, 8, 2022, '2025-03-14 23:10:10', '2025-03-14 23:10:10'),
(1125, 31, 5666, 8, 2022, '2025-03-14 23:10:10', '2025-03-14 23:10:10'),
(1126, 26, 727, 8, 2022, '2025-03-14 23:10:10', '2025-03-14 23:10:10'),
(1127, 50, 0, 8, 2022, '2025-03-14 23:10:10', '2025-03-14 23:10:10'),
(1128, 28, 1300, 8, 2022, '2025-03-14 23:10:10', '2025-03-14 23:10:10'),
(1129, 13, 50, 8, 2022, '2025-03-14 23:10:10', '2025-03-14 23:10:10'),
(1130, 3, 0, 8, 2022, '2025-03-14 23:10:10', '2025-03-14 23:10:10'),
(1131, 8, 53270, 8, 2022, '2025-03-14 23:10:10', '2025-03-14 23:10:10'),
(1132, 10, 449, 8, 2022, '2025-03-14 23:10:10', '2025-03-14 23:10:10'),
(1133, 14, 265, 8, 2022, '2025-03-14 23:10:10', '2025-03-14 23:10:10'),
(1134, 16, 132, 8, 2022, '2025-03-14 23:10:10', '2025-03-14 23:10:10'),
(1135, 19, 3878, 8, 2022, '2025-03-14 23:10:10', '2025-03-14 23:10:10'),
(1136, 20, 225, 8, 2022, '2025-03-14 23:10:10', '2025-03-14 23:10:10'),
(1137, 39, 0, 8, 2022, '2025-03-14 23:10:10', '2025-03-14 23:10:10'),
(1138, 15, 3180, 8, 2022, '2025-03-14 23:10:10', '2025-03-14 23:10:10'),
(1139, 17, 189, 8, 2022, '2025-03-14 23:10:10', '2025-03-14 23:10:10'),
(1140, 24, 370, 8, 2022, '2025-03-14 23:10:10', '2025-03-14 23:10:10'),
(1141, 18, 2113, 8, 2022, '2025-03-14 23:10:10', '2025-03-14 23:10:10'),
(1142, 42, 834, 8, 2022, '2025-03-14 23:10:10', '2025-03-14 23:10:10'),
(1143, 49, 0, 8, 2022, '2025-03-14 23:10:10', '2025-03-14 23:10:10'),
(1144, 46, 0, 8, 2022, '2025-03-14 23:10:10', '2025-03-14 23:10:10'),
(1145, 5, 0, 8, 2022, '2025-03-14 23:10:10', '2025-03-14 23:10:10'),
(1146, 40, 0, 8, 2022, '2025-03-14 23:10:10', '2025-03-14 23:10:10'),
(1147, 6, 1060, 8, 2022, '2025-03-14 23:10:10', '2025-03-14 23:10:10'),
(1148, 7, 2953, 8, 2022, '2025-03-14 23:10:10', '2025-03-14 23:10:10'),
(1149, 38, 0, 8, 2022, '2025-03-14 23:10:10', '2025-03-14 23:10:10'),
(1150, 11, 565, 8, 2022, '2025-03-14 23:10:10', '2025-03-14 23:10:10'),
(1151, 43, 374, 8, 2022, '2025-03-14 23:10:10', '2025-03-14 23:10:10'),
(1152, 1, 725, 8, 2022, '2025-03-14 23:10:10', '2025-03-14 23:10:10'),
(1153, 32, 2296, 9, 2022, '2025-03-14 23:10:10', '2025-03-14 23:10:10'),
(1154, 27, 13200, 9, 2022, '2025-03-14 23:10:10', '2025-03-14 23:10:10'),
(1155, 31, 4870, 9, 2022, '2025-03-14 23:10:10', '2025-03-14 23:10:10'),
(1156, 26, 1121, 9, 2022, '2025-03-14 23:10:10', '2025-03-14 23:10:10'),
(1157, 50, 0, 9, 2022, '2025-03-14 23:10:10', '2025-03-14 23:10:10'),
(1158, 28, 2000, 9, 2022, '2025-03-14 23:10:10', '2025-03-14 23:10:10'),
(1159, 13, 22, 9, 2022, '2025-03-14 23:10:10', '2025-03-14 23:10:10'),
(1160, 3, 45, 9, 2022, '2025-03-14 23:10:10', '2025-03-14 23:10:10'),
(1161, 8, 54955, 9, 2022, '2025-03-14 23:10:10', '2025-03-14 23:10:10'),
(1162, 10, 310, 9, 2022, '2025-03-14 23:10:10', '2025-03-14 23:10:10'),
(1163, 14, 131, 9, 2022, '2025-03-14 23:10:10', '2025-03-14 23:10:10'),
(1164, 16, 41, 9, 2022, '2025-03-14 23:10:10', '2025-03-14 23:10:10'),
(1165, 19, 3534, 9, 2022, '2025-03-14 23:10:10', '2025-03-14 23:10:10'),
(1166, 20, 111, 9, 2022, '2025-03-14 23:10:10', '2025-03-14 23:10:10'),
(1167, 39, 0, 9, 2022, '2025-03-14 23:10:10', '2025-03-14 23:10:10'),
(1168, 15, 2828, 9, 2022, '2025-03-14 23:10:10', '2025-03-14 23:10:10'),
(1169, 17, 98, 9, 2022, '2025-03-14 23:10:10', '2025-03-14 23:10:10'),
(1170, 24, 630, 9, 2022, '2025-03-14 23:10:10', '2025-03-14 23:10:10'),
(1171, 18, 2915, 9, 2022, '2025-03-14 23:10:10', '2025-03-14 23:10:10'),
(1172, 42, 237, 9, 2022, '2025-03-14 23:10:10', '2025-03-14 23:10:10'),
(1173, 49, 0, 9, 2022, '2025-03-14 23:10:10', '2025-03-14 23:10:10'),
(1174, 46, 0, 9, 2022, '2025-03-14 23:10:10', '2025-03-14 23:10:10'),
(1175, 5, 0, 9, 2022, '2025-03-14 23:10:10', '2025-03-14 23:10:10'),
(1176, 40, 0, 9, 2022, '2025-03-14 23:10:10', '2025-03-14 23:10:10'),
(1177, 6, 1262, 9, 2022, '2025-03-14 23:10:10', '2025-03-14 23:10:10'),
(1178, 7, 2236, 9, 2022, '2025-03-14 23:10:10', '2025-03-14 23:10:10'),
(1179, 38, 0, 9, 2022, '2025-03-14 23:10:10', '2025-03-14 23:10:10'),
(1180, 11, 3561, 9, 2022, '2025-03-14 23:10:10', '2025-03-14 23:10:10'),
(1181, 43, 217, 9, 2022, '2025-03-14 23:10:10', '2025-03-14 23:10:10'),
(1182, 1, 573, 9, 2022, '2025-03-14 23:10:10', '2025-03-14 23:10:10'),
(1183, 32, 196, 10, 2022, '2025-03-14 23:10:10', '2025-03-14 23:10:10'),
(1184, 27, 11200, 10, 2022, '2025-03-14 23:10:10', '2025-03-14 23:10:10'),
(1185, 31, 4548, 10, 2022, '2025-03-14 23:10:10', '2025-03-14 23:10:10'),
(1186, 26, 877, 10, 2022, '2025-03-14 23:10:10', '2025-03-14 23:10:10'),
(1187, 50, 0, 10, 2022, '2025-03-14 23:10:10', '2025-03-14 23:10:10'),
(1188, 28, 2000, 10, 2022, '2025-03-14 23:10:10', '2025-03-14 23:10:10'),
(1189, 13, 40, 10, 2022, '2025-03-14 23:10:10', '2025-03-14 23:10:10'),
(1190, 3, 30, 10, 2022, '2025-03-14 23:10:10', '2025-03-14 23:10:10'),
(1191, 8, 57305, 10, 2022, '2025-03-14 23:10:10', '2025-03-14 23:10:10'),
(1192, 10, 504, 10, 2022, '2025-03-14 23:10:10', '2025-03-14 23:10:10'),
(1193, 14, 193, 10, 2022, '2025-03-14 23:10:10', '2025-03-14 23:10:10'),
(1194, 16, 75, 10, 2022, '2025-03-14 23:10:10', '2025-03-14 23:10:10'),
(1195, 19, 1413, 10, 2022, '2025-03-14 23:10:10', '2025-03-14 23:10:10'),
(1196, 20, 111, 10, 2022, '2025-03-14 23:10:10', '2025-03-14 23:10:10'),
(1197, 39, 0, 10, 2022, '2025-03-14 23:10:10', '2025-03-14 23:10:10'),
(1198, 15, 2587, 10, 2022, '2025-03-14 23:10:10', '2025-03-14 23:10:10'),
(1199, 17, 171, 10, 2022, '2025-03-14 23:10:10', '2025-03-14 23:10:10'),
(1200, 24, 439, 10, 2022, '2025-03-14 23:10:10', '2025-03-14 23:10:10'),
(1201, 18, 4935, 10, 2022, '2025-03-14 23:10:10', '2025-03-14 23:10:10'),
(1202, 42, 35, 10, 2022, '2025-03-14 23:10:10', '2025-03-14 23:10:10'),
(1203, 49, 0, 10, 2022, '2025-03-14 23:10:10', '2025-03-14 23:10:10'),
(1204, 46, 0, 10, 2022, '2025-03-14 23:10:10', '2025-03-14 23:10:10'),
(1205, 5, 0, 10, 2022, '2025-03-14 23:10:10', '2025-03-14 23:10:10'),
(1206, 40, 0, 10, 2022, '2025-03-14 23:10:10', '2025-03-14 23:10:10'),
(1207, 6, 1247, 10, 2022, '2025-03-14 23:10:10', '2025-03-14 23:10:10'),
(1208, 7, 2611, 10, 2022, '2025-03-14 23:10:10', '2025-03-14 23:10:10'),
(1209, 38, 0, 10, 2022, '2025-03-14 23:10:10', '2025-03-14 23:10:10'),
(1210, 11, 5225, 10, 2022, '2025-03-14 23:10:10', '2025-03-14 23:10:10'),
(1211, 43, 273, 10, 2022, '2025-03-14 23:10:10', '2025-03-14 23:10:10'),
(1212, 1, 998, 10, 2022, '2025-03-14 23:10:10', '2025-03-14 23:10:10'),
(1213, 32, 74, 11, 2022, '2025-03-14 23:10:10', '2025-03-14 23:10:10'),
(1214, 27, 7150, 11, 2022, '2025-03-14 23:10:10', '2025-03-14 23:10:10'),
(1215, 31, 3278, 11, 2022, '2025-03-14 23:10:10', '2025-03-14 23:10:10'),
(1216, 26, 0, 11, 2022, '2025-03-14 23:10:10', '2025-03-14 23:10:10'),
(1217, 50, 0, 11, 2022, '2025-03-14 23:10:10', '2025-03-14 23:10:10'),
(1218, 28, 1500, 11, 2022, '2025-03-14 23:10:10', '2025-03-14 23:10:10'),
(1219, 13, 24, 11, 2022, '2025-03-14 23:10:10', '2025-03-14 23:10:10'),
(1220, 3, 120, 11, 2022, '2025-03-14 23:10:10', '2025-03-14 23:10:10'),
(1221, 8, 54200, 11, 2022, '2025-03-14 23:10:10', '2025-03-14 23:10:10'),
(1222, 10, 369, 11, 2022, '2025-03-14 23:10:10', '2025-03-14 23:10:10'),
(1223, 14, 127, 11, 2022, '2025-03-14 23:10:10', '2025-03-14 23:10:10'),
(1224, 16, 19, 11, 2022, '2025-03-14 23:10:10', '2025-03-14 23:10:10'),
(1225, 19, 2804, 11, 2022, '2025-03-14 23:10:10', '2025-03-14 23:10:10'),
(1226, 20, 105, 11, 2022, '2025-03-14 23:10:10', '2025-03-14 23:10:10'),
(1227, 39, 0, 11, 2022, '2025-03-14 23:10:10', '2025-03-14 23:10:10'),
(1228, 15, 2886, 11, 2022, '2025-03-14 23:10:10', '2025-03-14 23:10:10'),
(1229, 17, 0, 11, 2022, '2025-03-14 23:10:10', '2025-03-14 23:10:10'),
(1230, 24, 423, 11, 2022, '2025-03-14 23:10:10', '2025-03-14 23:10:10'),
(1231, 18, 3551, 11, 2022, '2025-03-14 23:10:10', '2025-03-14 23:10:10'),
(1232, 42, 41, 11, 2022, '2025-03-14 23:10:10', '2025-03-14 23:10:10'),
(1233, 49, 0, 11, 2022, '2025-03-14 23:10:10', '2025-03-14 23:10:10'),
(1234, 46, 0, 11, 2022, '2025-03-14 23:10:10', '2025-03-14 23:10:10'),
(1235, 5, 0, 11, 2022, '2025-03-14 23:10:10', '2025-03-14 23:10:10'),
(1236, 40, 0, 11, 2022, '2025-03-14 23:10:10', '2025-03-14 23:10:10'),
(1237, 6, 1099, 11, 2022, '2025-03-14 23:10:10', '2025-03-14 23:10:10'),
(1238, 7, 2255, 11, 2022, '2025-03-14 23:10:10', '2025-03-14 23:10:10'),
(1239, 38, 0, 11, 2022, '2025-03-14 23:10:10', '2025-03-14 23:10:10'),
(1240, 11, 5201, 11, 2022, '2025-03-14 23:10:10', '2025-03-14 23:10:10'),
(1241, 43, 174, 11, 2022, '2025-03-14 23:10:10', '2025-03-14 23:10:10'),
(1242, 1, 308, 11, 2022, '2025-03-14 23:10:10', '2025-03-14 23:10:10'),
(1243, 32, 179, 12, 2022, '2025-03-14 23:10:10', '2025-03-14 23:10:10'),
(1244, 27, 16595, 12, 2022, '2025-03-14 23:10:10', '2025-03-14 23:10:10'),
(1245, 31, 6995, 12, 2022, '2025-03-14 23:10:10', '2025-03-14 23:10:10'),
(1246, 26, 556, 12, 2022, '2025-03-14 23:10:10', '2025-03-14 23:10:10'),
(1247, 50, 0, 12, 2022, '2025-03-14 23:10:10', '2025-03-14 23:10:10'),
(1248, 28, 3200, 12, 2022, '2025-03-14 23:10:10', '2025-03-14 23:10:10'),
(1249, 13, 20, 12, 2022, '2025-03-14 23:10:10', '2025-03-14 23:10:10'),
(1250, 3, 62, 12, 2022, '2025-03-14 23:10:10', '2025-03-14 23:10:10'),
(1251, 8, 65201, 12, 2022, '2025-03-14 23:10:10', '2025-03-14 23:10:10'),
(1252, 10, 648, 12, 2022, '2025-03-14 23:10:10', '2025-03-14 23:10:10'),
(1253, 14, 514, 12, 2022, '2025-03-14 23:10:10', '2025-03-14 23:10:10'),
(1254, 16, 103, 12, 2022, '2025-03-14 23:10:10', '2025-03-14 23:10:10'),
(1255, 19, 5705, 12, 2022, '2025-03-14 23:10:10', '2025-03-14 23:10:10'),
(1256, 20, 162, 12, 2022, '2025-03-14 23:10:10', '2025-03-14 23:10:10'),
(1257, 39, 0, 12, 2022, '2025-03-14 23:10:10', '2025-03-14 23:10:10'),
(1258, 15, 4345, 12, 2022, '2025-03-14 23:10:10', '2025-03-14 23:10:10'),
(1259, 17, 281, 12, 2022, '2025-03-14 23:10:10', '2025-03-14 23:10:10'),
(1260, 24, 700, 12, 2022, '2025-03-14 23:10:10', '2025-03-14 23:10:10'),
(1261, 18, 9246, 12, 2022, '2025-03-14 23:10:10', '2025-03-14 23:10:10'),
(1262, 42, 157, 12, 2022, '2025-03-14 23:10:10', '2025-03-14 23:10:10'),
(1263, 49, 0, 12, 2022, '2025-03-14 23:10:10', '2025-03-14 23:10:10'),
(1264, 46, 0, 12, 2022, '2025-03-14 23:10:10', '2025-03-14 23:10:10'),
(1265, 5, 0, 12, 2022, '2025-03-14 23:10:10', '2025-03-14 23:10:10'),
(1266, 40, 0, 12, 2022, '2025-03-14 23:10:10', '2025-03-14 23:10:10'),
(1267, 6, 1511, 12, 2022, '2025-03-14 23:10:10', '2025-03-14 23:10:10'),
(1268, 7, 3520, 12, 2022, '2025-03-14 23:10:10', '2025-03-14 23:10:10'),
(1269, 38, 0, 12, 2022, '2025-03-14 23:10:10', '2025-03-14 23:10:10'),
(1270, 11, 10839, 12, 2022, '2025-03-14 23:10:10', '2025-03-14 23:10:10'),
(1271, 43, 276, 12, 2022, '2025-03-14 23:10:10', '2025-03-14 23:10:10'),
(1272, 1, 1487, 12, 2022, '2025-03-14 23:10:10', '2025-03-14 23:10:10'),
(1273, 32, 577, 1, 2023, '2025-03-14 23:10:10', '2025-03-14 23:10:10'),
(1274, 27, 15300, 1, 2023, '2025-03-14 23:10:10', '2025-03-14 23:10:10'),
(1275, 31, 10214, 1, 2023, '2025-03-14 23:10:10', '2025-03-14 23:10:10'),
(1276, 26, 1154, 1, 2023, '2025-03-14 23:10:10', '2025-03-14 23:10:10'),
(1277, 50, 57, 1, 2023, '2025-03-14 23:10:10', '2025-03-14 23:10:10'),
(1278, 28, 2900, 1, 2023, '2025-03-14 23:10:10', '2025-03-14 23:10:10'),
(1279, 13, 20, 1, 2023, '2025-03-14 23:10:10', '2025-03-14 23:10:10'),
(1280, 3, 90, 1, 2023, '2025-03-14 23:10:10', '2025-03-14 23:10:10'),
(1281, 8, 59840, 1, 2023, '2025-03-14 23:10:10', '2025-03-14 23:10:10'),
(1282, 10, 1268, 1, 2023, '2025-03-14 23:10:10', '2025-03-14 23:10:10'),
(1283, 14, 501, 1, 2023, '2025-03-14 23:10:10', '2025-03-14 23:10:10'),
(1284, 16, 238, 1, 2023, '2025-03-14 23:10:10', '2025-03-14 23:10:10'),
(1285, 19, 8878, 1, 2023, '2025-03-14 23:10:10', '2025-03-14 23:10:10'),
(1286, 20, 205, 1, 2023, '2025-03-14 23:10:10', '2025-03-14 23:10:10'),
(1287, 39, 0, 1, 2023, '2025-03-14 23:10:10', '2025-03-14 23:10:10'),
(1288, 15, 3728, 1, 2023, '2025-03-14 23:10:10', '2025-03-14 23:10:10'),
(1289, 17, 1343, 1, 2023, '2025-03-14 23:10:10', '2025-03-14 23:10:10'),
(1290, 24, 600, 1, 2023, '2025-03-14 23:10:10', '2025-03-14 23:10:10'),
(1291, 18, 6744, 1, 2023, '2025-03-14 23:10:10', '2025-03-14 23:10:10'),
(1292, 42, 84, 1, 2023, '2025-03-14 23:10:10', '2025-03-14 23:10:10'),
(1293, 49, 23, 1, 2023, '2025-03-14 23:10:10', '2025-03-14 23:10:10'),
(1294, 46, 50, 1, 2023, '2025-03-14 23:10:10', '2025-03-14 23:10:10'),
(1295, 5, 0, 1, 2023, '2025-03-14 23:10:10', '2025-03-14 23:10:10'),
(1296, 40, 0, 1, 2023, '2025-03-14 23:10:10', '2025-03-14 23:10:10'),
(1297, 6, 2283, 1, 2023, '2025-03-14 23:10:10', '2025-03-14 23:10:10'),
(1298, 7, 5744, 1, 2023, '2025-03-14 23:10:10', '2025-03-14 23:10:10'),
(1299, 38, 0, 1, 2023, '2025-03-14 23:10:10', '2025-03-14 23:10:10'),
(1300, 11, 13279, 1, 2023, '2025-03-14 23:10:10', '2025-03-14 23:10:10'),
(1301, 43, 174, 1, 2023, '2025-03-14 23:10:10', '2025-03-14 23:10:10'),
(1302, 1, 2983, 1, 2023, '2025-03-14 23:10:10', '2025-03-14 23:10:10'),
(1303, 30, 0, 1, 2023, '2025-03-14 23:10:10', '2025-03-14 23:10:10'),
(1304, 25, 0, 1, 2023, '2025-03-14 23:10:10', '2025-03-14 23:10:10'),
(1305, 2, 0, 1, 2023, '2025-03-14 23:10:10', '2025-03-14 23:10:10'),
(1306, 32, 200, 2, 2023, '2025-03-14 23:10:10', '2025-03-14 23:10:10'),
(1307, 27, 13500, 2, 2023, '2025-03-14 23:10:10', '2025-03-14 23:10:10'),
(1308, 31, 5242, 2, 2023, '2025-03-14 23:10:10', '2025-03-14 23:10:10'),
(1309, 26, 436, 2, 2023, '2025-03-14 23:10:10', '2025-03-14 23:10:10'),
(1310, 50, 54, 2, 2023, '2025-03-14 23:10:10', '2025-03-14 23:10:10'),
(1311, 28, 2100, 2, 2023, '2025-03-14 23:10:10', '2025-03-14 23:10:10'),
(1312, 13, 10, 2, 2023, '2025-03-14 23:10:10', '2025-03-14 23:10:10'),
(1313, 3, 82, 2, 2023, '2025-03-14 23:10:10', '2025-03-14 23:10:10'),
(1314, 8, 51933, 2, 2023, '2025-03-14 23:10:10', '2025-03-14 23:10:10'),
(1315, 10, 359, 2, 2023, '2025-03-14 23:10:10', '2025-03-14 23:10:10'),
(1316, 14, 670, 2, 2023, '2025-03-14 23:10:10', '2025-03-14 23:10:10'),
(1317, 16, 42, 2, 2023, '2025-03-14 23:10:10', '2025-03-14 23:10:10'),
(1318, 19, 3356, 2, 2023, '2025-03-14 23:10:10', '2025-03-14 23:10:10'),
(1319, 20, 101, 2, 2023, '2025-03-14 23:10:10', '2025-03-14 23:10:10'),
(1320, 39, 0, 2, 2023, '2025-03-14 23:10:10', '2025-03-14 23:10:10'),
(1321, 15, 2584, 2, 2023, '2025-03-14 23:10:10', '2025-03-14 23:10:10'),
(1322, 17, 1517, 2, 2023, '2025-03-14 23:10:10', '2025-03-14 23:10:10'),
(1323, 24, 600, 2, 2023, '2025-03-14 23:10:10', '2025-03-14 23:10:10'),
(1324, 18, 4407, 2, 2023, '2025-03-14 23:10:10', '2025-03-14 23:10:10'),
(1325, 42, 43, 2, 2023, '2025-03-14 23:10:10', '2025-03-14 23:10:10'),
(1326, 49, 26, 2, 2023, '2025-03-14 23:10:10', '2025-03-14 23:10:10'),
(1327, 46, 55, 2, 2023, '2025-03-14 23:10:10', '2025-03-14 23:10:10'),
(1328, 5, 0, 2, 2023, '2025-03-14 23:10:10', '2025-03-14 23:10:10'),
(1329, 40, 0, 2, 2023, '2025-03-14 23:10:10', '2025-03-14 23:10:10'),
(1330, 6, 793, 2, 2023, '2025-03-14 23:10:10', '2025-03-14 23:10:10'),
(1331, 7, 2311, 2, 2023, '2025-03-14 23:10:10', '2025-03-14 23:10:10'),
(1332, 38, 0, 2, 2023, '2025-03-14 23:10:10', '2025-03-14 23:10:10'),
(1333, 11, 7101, 2, 2023, '2025-03-14 23:10:10', '2025-03-14 23:10:10'),
(1334, 43, 116, 2, 2023, '2025-03-14 23:10:10', '2025-03-14 23:10:10'),
(1335, 1, 947, 2, 2023, '2025-03-14 23:10:10', '2025-03-14 23:10:10'),
(1336, 30, 0, 2, 2023, '2025-03-14 23:10:10', '2025-03-14 23:10:10'),
(1337, 25, 0, 2, 2023, '2025-03-14 23:10:10', '2025-03-14 23:10:10'),
(1338, 2, 0, 2, 2023, '2025-03-14 23:10:10', '2025-03-14 23:10:10'),
(1339, 32, 90, 3, 2023, '2025-03-14 23:10:10', '2025-03-14 23:10:10'),
(1340, 27, 10740, 3, 2023, '2025-03-14 23:10:10', '2025-03-14 23:10:10'),
(1341, 31, 4490, 3, 2023, '2025-03-14 23:10:10', '2025-03-14 23:10:10'),
(1342, 26, 226, 3, 2023, '2025-03-14 23:10:10', '2025-03-14 23:10:10'),
(1343, 50, 43, 3, 2023, '2025-03-14 23:10:10', '2025-03-14 23:10:10'),
(1344, 28, 1500, 3, 2023, '2025-03-14 23:10:10', '2025-03-14 23:10:10'),
(1345, 13, 20, 3, 2023, '2025-03-14 23:10:10', '2025-03-14 23:10:10'),
(1346, 3, 32, 3, 2023, '2025-03-14 23:10:10', '2025-03-14 23:10:10'),
(1347, 8, 55367, 3, 2023, '2025-03-14 23:10:10', '2025-03-14 23:10:10'),
(1348, 10, 360, 3, 2023, '2025-03-14 23:10:10', '2025-03-14 23:10:10'),
(1349, 14, 0, 3, 2023, '2025-03-14 23:10:10', '2025-03-14 23:10:10'),
(1350, 16, 31, 3, 2023, '2025-03-14 23:10:10', '2025-03-14 23:10:10'),
(1351, 19, 2853, 3, 2023, '2025-03-14 23:10:10', '2025-03-14 23:10:10'),
(1352, 20, 60, 3, 2023, '2025-03-14 23:10:10', '2025-03-14 23:10:10'),
(1353, 39, 0, 3, 2023, '2025-03-14 23:10:10', '2025-03-14 23:10:10'),
(1354, 15, 1901, 3, 2023, '2025-03-14 23:10:10', '2025-03-14 23:10:10'),
(1355, 17, 1568, 3, 2023, '2025-03-14 23:10:10', '2025-03-14 23:10:10'),
(1356, 24, 0, 3, 2023, '2025-03-14 23:10:10', '2025-03-14 23:10:10'),
(1357, 18, 3589, 3, 2023, '2025-03-14 23:10:10', '2025-03-14 23:10:10'),
(1358, 42, 52, 3, 2023, '2025-03-14 23:10:10', '2025-03-14 23:10:10'),
(1359, 49, 17, 3, 2023, '2025-03-14 23:10:10', '2025-03-14 23:10:10'),
(1360, 46, 58, 3, 2023, '2025-03-14 23:10:10', '2025-03-14 23:10:10'),
(1361, 5, 0, 3, 2023, '2025-03-14 23:10:10', '2025-03-14 23:10:10'),
(1362, 40, 0, 3, 2023, '2025-03-14 23:10:10', '2025-03-14 23:10:10'),
(1363, 6, 764, 3, 2023, '2025-03-14 23:10:10', '2025-03-14 23:10:10'),
(1364, 7, 1919, 3, 2023, '2025-03-14 23:10:10', '2025-03-14 23:10:10'),
(1365, 38, 0, 3, 2023, '2025-03-14 23:10:10', '2025-03-14 23:10:10'),
(1366, 11, 7623, 3, 2023, '2025-03-14 23:10:10', '2025-03-14 23:10:10'),
(1367, 43, 73, 3, 2023, '2025-03-14 23:10:10', '2025-03-14 23:10:10'),
(1368, 1, 911, 3, 2023, '2025-03-14 23:10:10', '2025-03-14 23:10:10'),
(1369, 30, 0, 3, 2023, '2025-03-14 23:10:10', '2025-03-14 23:10:10'),
(1370, 25, 0, 3, 2023, '2025-03-14 23:10:10', '2025-03-14 23:10:10'),
(1371, 2, 0, 3, 2023, '2025-03-14 23:10:10', '2025-03-14 23:10:10'),
(1372, 32, 3060, 4, 2023, '2025-03-14 23:10:10', '2025-03-14 23:10:10'),
(1373, 27, 27960, 4, 2023, '2025-03-14 23:10:10', '2025-03-14 23:10:10'),
(1374, 31, 18242, 4, 2023, '2025-03-14 23:10:10', '2025-03-14 23:10:10'),
(1375, 26, 1471, 4, 2023, '2025-03-14 23:10:10', '2025-03-14 23:10:10'),
(1376, 50, 61, 4, 2023, '2025-03-14 23:10:10', '2025-03-14 23:10:10'),
(1377, 28, 4500, 4, 2023, '2025-03-14 23:10:10', '2025-03-14 23:10:10'),
(1378, 13, 70, 4, 2023, '2025-03-14 23:10:10', '2025-03-14 23:10:10'),
(1379, 3, 40, 4, 2023, '2025-03-14 23:10:10', '2025-03-14 23:10:10'),
(1380, 8, 76590, 4, 2023, '2025-03-14 23:10:10', '2025-03-14 23:10:10'),
(1381, 10, 445, 4, 2023, '2025-03-14 23:10:10', '2025-03-14 23:10:10'),
(1382, 14, 165, 4, 2023, '2025-03-14 23:10:10', '2025-03-14 23:10:10'),
(1383, 16, 25, 4, 2023, '2025-03-14 23:10:10', '2025-03-14 23:10:10'),
(1384, 19, 3898, 4, 2023, '2025-03-14 23:10:10', '2025-03-14 23:10:10'),
(1385, 20, 82, 4, 2023, '2025-03-14 23:10:10', '2025-03-14 23:10:10'),
(1386, 39, 0, 4, 2023, '2025-03-14 23:10:10', '2025-03-14 23:10:10'),
(1387, 15, 1411, 4, 2023, '2025-03-14 23:10:10', '2025-03-14 23:10:10'),
(1388, 17, 376, 4, 2023, '2025-03-14 23:10:10', '2025-03-14 23:10:10'),
(1389, 24, 0, 4, 2023, '2025-03-14 23:10:10', '2025-03-14 23:10:10'),
(1390, 18, 2381, 4, 2023, '2025-03-14 23:10:10', '2025-03-14 23:10:10'),
(1391, 42, 136, 4, 2023, '2025-03-14 23:10:10', '2025-03-14 23:10:10'),
(1392, 49, 29, 4, 2023, '2025-03-14 23:10:10', '2025-03-14 23:10:10'),
(1393, 46, 52, 4, 2023, '2025-03-14 23:10:10', '2025-03-14 23:10:10'),
(1394, 5, 0, 4, 2023, '2025-03-14 23:10:10', '2025-03-14 23:10:10'),
(1395, 40, 0, 4, 2023, '2025-03-14 23:10:10', '2025-03-14 23:10:10'),
(1396, 6, 517, 4, 2023, '2025-03-14 23:10:10', '2025-03-14 23:10:10'),
(1397, 7, 1384, 4, 2023, '2025-03-14 23:10:10', '2025-03-14 23:10:10'),
(1398, 38, 0, 4, 2023, '2025-03-14 23:10:10', '2025-03-14 23:10:10'),
(1399, 11, 6102, 4, 2023, '2025-03-14 23:10:10', '2025-03-14 23:10:10'),
(1400, 43, 227, 4, 2023, '2025-03-14 23:10:10', '2025-03-14 23:10:10'),
(1401, 1, 1389, 4, 2023, '2025-03-14 23:10:10', '2025-03-14 23:10:10'),
(1402, 30, 0, 4, 2023, '2025-03-14 23:10:10', '2025-03-14 23:10:10'),
(1403, 25, 0, 4, 2023, '2025-03-14 23:10:10', '2025-03-14 23:10:10'),
(1404, 2, 0, 4, 2023, '2025-03-14 23:10:10', '2025-03-14 23:10:10'),
(1405, 32, 350, 5, 2023, '2025-03-14 23:10:10', '2025-03-14 23:10:10'),
(1406, 27, 29500, 5, 2023, '2025-03-14 23:10:10', '2025-03-14 23:10:10'),
(1407, 31, 14512, 5, 2023, '2025-03-14 23:10:10', '2025-03-14 23:10:10'),
(1408, 26, 1056, 5, 2023, '2025-03-14 23:10:10', '2025-03-14 23:10:10'),
(1409, 50, 55, 5, 2023, '2025-03-14 23:10:10', '2025-03-14 23:10:10'),
(1410, 28, 4900, 5, 2023, '2025-03-14 23:10:10', '2025-03-14 23:10:10'),
(1411, 13, 10, 5, 2023, '2025-03-14 23:10:10', '2025-03-14 23:10:10'),
(1412, 3, 30, 5, 2023, '2025-03-14 23:10:10', '2025-03-14 23:10:10'),
(1413, 8, 59998, 5, 2023, '2025-03-14 23:10:10', '2025-03-14 23:10:10'),
(1414, 10, 405, 5, 2023, '2025-03-14 23:10:10', '2025-03-14 23:10:10'),
(1415, 14, 0, 5, 2023, '2025-03-14 23:10:10', '2025-03-14 23:10:10'),
(1416, 16, 34, 5, 2023, '2025-03-14 23:10:10', '2025-03-14 23:10:10'),
(1417, 19, 5262, 5, 2023, '2025-03-14 23:10:10', '2025-03-14 23:10:10'),
(1418, 20, 122, 5, 2023, '2025-03-14 23:10:10', '2025-03-14 23:10:10'),
(1419, 39, 0, 5, 2023, '2025-03-14 23:10:10', '2025-03-14 23:10:10'),
(1420, 15, 3126, 5, 2023, '2025-03-14 23:10:10', '2025-03-14 23:10:10'),
(1421, 17, 2830, 5, 2023, '2025-03-14 23:10:10', '2025-03-14 23:10:10'),
(1422, 24, 250, 5, 2023, '2025-03-14 23:10:10', '2025-03-14 23:10:10'),
(1423, 18, 4893, 5, 2023, '2025-03-14 23:10:10', '2025-03-14 23:10:10'),
(1424, 42, 83, 5, 2023, '2025-03-14 23:10:10', '2025-03-14 23:10:10'),
(1425, 49, 34, 5, 2023, '2025-03-14 23:10:10', '2025-03-14 23:10:10'),
(1426, 46, 61, 5, 2023, '2025-03-14 23:10:10', '2025-03-14 23:10:10'),
(1427, 5, 0, 5, 2023, '2025-03-14 23:10:10', '2025-03-14 23:10:10'),
(1428, 40, 0, 5, 2023, '2025-03-14 23:10:10', '2025-03-14 23:10:10'),
(1429, 6, 1050, 5, 2023, '2025-03-14 23:10:10', '2025-03-14 23:10:10'),
(1430, 7, 2927, 5, 2023, '2025-03-14 23:10:10', '2025-03-14 23:10:10'),
(1431, 38, 0, 5, 2023, '2025-03-14 23:10:10', '2025-03-14 23:10:10'),
(1432, 11, 14700, 5, 2023, '2025-03-14 23:10:10', '2025-03-14 23:10:10'),
(1433, 43, 219, 5, 2023, '2025-03-14 23:10:10', '2025-03-14 23:10:10'),
(1434, 1, 2073, 5, 2023, '2025-03-14 23:10:10', '2025-03-14 23:10:10'),
(1435, 30, 0, 5, 2023, '2025-03-14 23:10:10', '2025-03-14 23:10:10'),
(1436, 25, 0, 5, 2023, '2025-03-14 23:10:10', '2025-03-14 23:10:10'),
(1437, 2, 0, 5, 2023, '2025-03-14 23:10:10', '2025-03-14 23:10:10'),
(1438, 32, 200, 6, 2023, '2025-03-14 23:10:10', '2025-03-14 23:10:10'),
(1439, 27, 23800, 6, 2023, '2025-03-14 23:10:10', '2025-03-14 23:10:10'),
(1440, 31, 14363, 6, 2023, '2025-03-14 23:10:10', '2025-03-14 23:10:10'),
(1441, 26, 600, 6, 2023, '2025-03-14 23:10:10', '2025-03-14 23:10:10');
INSERT INTO `kunjungan` (`id`, `wisata_id`, `jumlah`, `bulan`, `tahun`, `created_at`, `updated_at`) VALUES
(1442, 50, 67, 6, 2023, '2025-03-14 23:10:10', '2025-03-14 23:10:10'),
(1443, 28, 6000, 6, 2023, '2025-03-14 23:10:10', '2025-03-14 23:10:10'),
(1444, 13, 20, 6, 2023, '2025-03-14 23:10:10', '2025-03-14 23:10:10'),
(1445, 3, 115, 6, 2023, '2025-03-14 23:10:10', '2025-03-14 23:10:10'),
(1446, 8, 55000, 6, 2023, '2025-03-14 23:10:10', '2025-03-14 23:10:10'),
(1447, 10, 468, 6, 2023, '2025-03-14 23:10:10', '2025-03-14 23:10:10'),
(1448, 14, 0, 6, 2023, '2025-03-14 23:10:10', '2025-03-14 23:10:10'),
(1449, 16, 122, 6, 2023, '2025-03-14 23:10:10', '2025-03-14 23:10:10'),
(1450, 19, 5167, 6, 2023, '2025-03-14 23:10:10', '2025-03-14 23:10:10'),
(1451, 20, 109, 6, 2023, '2025-03-14 23:10:10', '2025-03-14 23:10:10'),
(1452, 39, 0, 6, 2023, '2025-03-14 23:10:10', '2025-03-14 23:10:10'),
(1453, 15, 3204, 6, 2023, '2025-03-14 23:10:10', '2025-03-14 23:10:10'),
(1454, 17, 0, 6, 2023, '2025-03-14 23:10:10', '2025-03-14 23:10:10'),
(1455, 24, 350, 6, 2023, '2025-03-14 23:10:10', '2025-03-14 23:10:10'),
(1456, 18, 4731, 6, 2023, '2025-03-14 23:10:10', '2025-03-14 23:10:10'),
(1457, 42, 35, 6, 2023, '2025-03-14 23:10:10', '2025-03-14 23:10:10'),
(1458, 49, 35, 6, 2023, '2025-03-14 23:10:10', '2025-03-14 23:10:10'),
(1459, 46, 57, 6, 2023, '2025-03-14 23:10:10', '2025-03-14 23:10:10'),
(1460, 5, 0, 6, 2023, '2025-03-14 23:10:10', '2025-03-14 23:10:10'),
(1461, 40, 0, 6, 2023, '2025-03-14 23:10:10', '2025-03-14 23:10:10'),
(1462, 6, 743, 6, 2023, '2025-03-14 23:10:10', '2025-03-14 23:10:10'),
(1463, 7, 2765, 6, 2023, '2025-03-14 23:10:10', '2025-03-14 23:10:10'),
(1464, 38, 0, 6, 2023, '2025-03-14 23:10:10', '2025-03-14 23:10:10'),
(1465, 11, 14733, 6, 2023, '2025-03-14 23:10:10', '2025-03-14 23:10:10'),
(1466, 43, 279, 6, 2023, '2025-03-14 23:10:10', '2025-03-14 23:10:10'),
(1467, 1, 1519, 6, 2023, '2025-03-14 23:10:10', '2025-03-14 23:10:10'),
(1468, 30, 0, 6, 2023, '2025-03-14 23:10:10', '2025-03-14 23:10:10'),
(1469, 25, 0, 6, 2023, '2025-03-14 23:10:10', '2025-03-14 23:10:10'),
(1470, 2, 0, 6, 2023, '2025-03-14 23:10:10', '2025-03-14 23:10:10'),
(1471, 32, 183, 7, 2023, '2025-03-14 23:10:10', '2025-03-14 23:10:10'),
(1472, 27, 17900, 7, 2023, '2025-03-14 23:10:10', '2025-03-14 23:10:10'),
(1473, 31, 14830, 7, 2023, '2025-03-14 23:10:10', '2025-03-14 23:10:10'),
(1474, 26, 479, 7, 2023, '2025-03-14 23:10:10', '2025-03-14 23:10:10'),
(1475, 50, 55, 7, 2023, '2025-03-14 23:10:10', '2025-03-14 23:10:10'),
(1476, 28, 4300, 7, 2023, '2025-03-14 23:10:10', '2025-03-14 23:10:10'),
(1477, 13, 10, 7, 2023, '2025-03-14 23:10:10', '2025-03-14 23:10:10'),
(1478, 3, 213, 7, 2023, '2025-03-14 23:10:10', '2025-03-14 23:10:10'),
(1479, 8, 67317, 7, 2023, '2025-03-14 23:10:10', '2025-03-14 23:10:10'),
(1480, 10, 415, 7, 2023, '2025-03-14 23:10:10', '2025-03-14 23:10:10'),
(1481, 14, 122, 7, 2023, '2025-03-14 23:10:10', '2025-03-14 23:10:10'),
(1482, 16, 92, 7, 2023, '2025-03-14 23:10:10', '2025-03-14 23:10:10'),
(1483, 19, 5883, 7, 2023, '2025-03-14 23:10:10', '2025-03-14 23:10:10'),
(1484, 20, 98, 7, 2023, '2025-03-14 23:10:10', '2025-03-14 23:10:10'),
(1485, 39, 0, 7, 2023, '2025-03-14 23:10:10', '2025-03-14 23:10:10'),
(1486, 15, 4230, 7, 2023, '2025-03-14 23:10:10', '2025-03-14 23:10:10'),
(1487, 17, 0, 7, 2023, '2025-03-14 23:10:10', '2025-03-14 23:10:10'),
(1488, 24, 900, 7, 2023, '2025-03-14 23:10:10', '2025-03-14 23:10:10'),
(1489, 18, 3441, 7, 2023, '2025-03-14 23:10:10', '2025-03-14 23:10:10'),
(1490, 42, 351, 7, 2023, '2025-03-14 23:10:10', '2025-03-14 23:10:10'),
(1491, 49, 1000, 7, 2023, '2025-03-14 23:10:10', '2025-03-14 23:10:10'),
(1492, 46, 59, 7, 2023, '2025-03-14 23:10:10', '2025-03-14 23:10:10'),
(1493, 5, 0, 7, 2023, '2025-03-14 23:10:10', '2025-03-14 23:10:10'),
(1494, 40, 0, 7, 2023, '2025-03-14 23:10:10', '2025-03-14 23:10:10'),
(1495, 6, 532, 7, 2023, '2025-03-14 23:10:10', '2025-03-14 23:10:10'),
(1496, 7, 3690, 7, 2023, '2025-03-14 23:10:10', '2025-03-14 23:10:10'),
(1497, 38, 0, 7, 2023, '2025-03-14 23:10:10', '2025-03-14 23:10:10'),
(1498, 11, 13491, 7, 2023, '2025-03-14 23:10:10', '2025-03-14 23:10:10'),
(1499, 43, 269, 7, 2023, '2025-03-14 23:10:10', '2025-03-14 23:10:10'),
(1500, 1, 2461, 7, 2023, '2025-03-14 23:10:10', '2025-03-14 23:10:10'),
(1501, 30, 9576, 7, 2023, '2025-03-14 23:10:10', '2025-03-14 23:10:10'),
(1502, 25, 16668, 7, 2023, '2025-03-14 23:10:10', '2025-03-14 23:10:10'),
(1503, 2, 0, 7, 2023, '2025-03-14 23:10:10', '2025-03-14 23:10:10'),
(1504, 32, 150, 8, 2023, '2025-03-14 23:10:10', '2025-03-14 23:10:10'),
(1505, 27, 8000, 8, 2023, '2025-03-14 23:10:10', '2025-03-14 23:10:10'),
(1506, 31, 5454, 8, 2023, '2025-03-14 23:10:10', '2025-03-14 23:10:10'),
(1507, 26, 0, 8, 2023, '2025-03-14 23:10:10', '2025-03-14 23:10:10'),
(1508, 50, 53, 8, 2023, '2025-03-14 23:10:10', '2025-03-14 23:10:10'),
(1509, 28, 1900, 8, 2023, '2025-03-14 23:10:10', '2025-03-14 23:10:10'),
(1510, 13, 30, 8, 2023, '2025-03-14 23:10:10', '2025-03-14 23:10:10'),
(1511, 3, 15, 8, 2023, '2025-03-14 23:10:10', '2025-03-14 23:10:10'),
(1512, 8, 50575, 8, 2023, '2025-03-14 23:10:10', '2025-03-14 23:10:10'),
(1513, 10, 306, 8, 2023, '2025-03-14 23:10:10', '2025-03-14 23:10:10'),
(1514, 14, 391, 8, 2023, '2025-03-14 23:10:10', '2025-03-14 23:10:10'),
(1515, 16, 28, 8, 2023, '2025-03-14 23:10:10', '2025-03-14 23:10:10'),
(1516, 19, 3450, 8, 2023, '2025-03-14 23:10:10', '2025-03-14 23:10:10'),
(1517, 20, 236, 8, 2023, '2025-03-14 23:10:10', '2025-03-14 23:10:10'),
(1518, 39, 0, 8, 2023, '2025-03-14 23:10:10', '2025-03-14 23:10:10'),
(1519, 15, 1777, 8, 2023, '2025-03-14 23:10:10', '2025-03-14 23:10:10'),
(1520, 17, 0, 8, 2023, '2025-03-14 23:10:10', '2025-03-14 23:10:10'),
(1521, 24, 679, 8, 2023, '2025-03-14 23:10:10', '2025-03-14 23:10:10'),
(1522, 18, 2070, 8, 2023, '2025-03-14 23:10:10', '2025-03-14 23:10:10'),
(1523, 42, 143, 8, 2023, '2025-03-14 23:10:10', '2025-03-14 23:10:10'),
(1524, 49, 26, 8, 2023, '2025-03-14 23:10:10', '2025-03-14 23:10:10'),
(1525, 46, 56, 8, 2023, '2025-03-14 23:10:10', '2025-03-14 23:10:10'),
(1526, 5, 0, 8, 2023, '2025-03-14 23:10:10', '2025-03-14 23:10:10'),
(1527, 40, 0, 8, 2023, '2025-03-14 23:10:10', '2025-03-14 23:10:10'),
(1528, 6, 529, 8, 2023, '2025-03-14 23:10:10', '2025-03-14 23:10:10'),
(1529, 7, 2684, 8, 2023, '2025-03-14 23:10:10', '2025-03-14 23:10:10'),
(1530, 38, 0, 8, 2023, '2025-03-14 23:10:10', '2025-03-14 23:10:10'),
(1531, 11, 7112, 8, 2023, '2025-03-14 23:10:10', '2025-03-14 23:10:10'),
(1532, 43, 223, 8, 2023, '2025-03-14 23:10:10', '2025-03-14 23:10:10'),
(1533, 1, 1285, 8, 2023, '2025-03-14 23:10:10', '2025-03-14 23:10:10'),
(1534, 30, 4867, 8, 2023, '2025-03-14 23:10:10', '2025-03-14 23:10:10'),
(1535, 25, 868, 8, 2023, '2025-03-14 23:10:10', '2025-03-14 23:10:10'),
(1536, 2, 392, 8, 2023, '2025-03-14 23:10:10', '2025-03-14 23:10:10'),
(1537, 32, 300, 9, 2023, '2025-03-14 23:10:10', '2025-03-14 23:10:10'),
(1538, 27, 13100, 9, 2023, '2025-03-14 23:10:10', '2025-03-14 23:10:10'),
(1539, 31, 10020, 9, 2023, '2025-03-14 23:10:10', '2025-03-14 23:10:10'),
(1540, 26, 0, 9, 2023, '2025-03-14 23:10:10', '2025-03-14 23:10:10'),
(1541, 50, 62, 9, 2023, '2025-03-14 23:10:10', '2025-03-14 23:10:10'),
(1542, 28, 2400, 9, 2023, '2025-03-14 23:10:10', '2025-03-14 23:10:10'),
(1543, 13, 50, 9, 2023, '2025-03-14 23:10:10', '2025-03-14 23:10:10'),
(1544, 3, 22, 9, 2023, '2025-03-14 23:10:10', '2025-03-14 23:10:10'),
(1545, 8, 55697, 9, 2023, '2025-03-14 23:10:10', '2025-03-14 23:10:10'),
(1546, 10, 364, 9, 2023, '2025-03-14 23:10:10', '2025-03-14 23:10:10'),
(1547, 14, 628, 9, 2023, '2025-03-14 23:10:10', '2025-03-14 23:10:10'),
(1548, 16, 33, 9, 2023, '2025-03-14 23:10:10', '2025-03-14 23:10:10'),
(1549, 19, 4039, 9, 2023, '2025-03-14 23:10:10', '2025-03-14 23:10:10'),
(1550, 20, 72, 9, 2023, '2025-03-14 23:10:10', '2025-03-14 23:10:10'),
(1551, 39, 0, 9, 2023, '2025-03-14 23:10:10', '2025-03-14 23:10:10'),
(1552, 15, 2422, 9, 2023, '2025-03-14 23:10:10', '2025-03-14 23:10:10'),
(1553, 17, 0, 9, 2023, '2025-03-14 23:10:10', '2025-03-14 23:10:10'),
(1554, 24, 800, 9, 2023, '2025-03-14 23:10:10', '2025-03-14 23:10:10'),
(1555, 18, 3310, 9, 2023, '2025-03-14 23:10:10', '2025-03-14 23:10:10'),
(1556, 42, 104, 9, 2023, '2025-03-14 23:10:10', '2025-03-14 23:10:10'),
(1557, 49, 30, 9, 2023, '2025-03-14 23:10:10', '2025-03-14 23:10:10'),
(1558, 46, 50, 9, 2023, '2025-03-14 23:10:10', '2025-03-14 23:10:10'),
(1559, 5, 0, 9, 2023, '2025-03-14 23:10:10', '2025-03-14 23:10:10'),
(1560, 40, 0, 9, 2023, '2025-03-14 23:10:10', '2025-03-14 23:10:10'),
(1561, 6, 1059, 9, 2023, '2025-03-14 23:10:10', '2025-03-14 23:10:10'),
(1562, 7, 2579, 9, 2023, '2025-03-14 23:10:10', '2025-03-14 23:10:10'),
(1563, 38, 0, 9, 2023, '2025-03-14 23:10:10', '2025-03-14 23:10:10'),
(1564, 11, 10192, 9, 2023, '2025-03-14 23:10:10', '2025-03-14 23:10:10'),
(1565, 43, 600, 9, 2023, '2025-03-14 23:10:10', '2025-03-14 23:10:10'),
(1566, 1, 1190, 9, 2023, '2025-03-14 23:10:10', '2025-03-14 23:10:10'),
(1567, 30, 7698, 9, 2023, '2025-03-14 23:10:10', '2025-03-14 23:10:10'),
(1568, 25, 1017, 9, 2023, '2025-03-14 23:10:10', '2025-03-14 23:10:10'),
(1569, 2, 389, 9, 2023, '2025-03-14 23:10:10', '2025-03-14 23:10:10'),
(1570, 32, 250, 10, 2023, '2025-03-14 23:10:10', '2025-03-14 23:10:10'),
(1571, 27, 11666, 10, 2023, '2025-03-14 23:10:10', '2025-03-14 23:10:10'),
(1572, 31, 5670, 10, 2023, '2025-03-14 23:10:10', '2025-03-14 23:10:10'),
(1573, 26, 0, 10, 2023, '2025-03-14 23:10:10', '2025-03-14 23:10:10'),
(1574, 50, 64, 10, 2023, '2025-03-14 23:10:10', '2025-03-14 23:10:10'),
(1575, 28, 2200, 10, 2023, '2025-03-14 23:10:10', '2025-03-14 23:10:10'),
(1576, 13, 20, 10, 2023, '2025-03-14 23:10:10', '2025-03-14 23:10:10'),
(1577, 3, 167, 10, 2023, '2025-03-14 23:10:10', '2025-03-14 23:10:10'),
(1578, 8, 54559, 10, 2023, '2025-03-14 23:10:10', '2025-03-14 23:10:10'),
(1579, 10, 406, 10, 2023, '2025-03-14 23:10:10', '2025-03-14 23:10:10'),
(1580, 14, 715, 10, 2023, '2025-03-14 23:10:10', '2025-03-14 23:10:10'),
(1581, 16, 65, 10, 2023, '2025-03-14 23:10:10', '2025-03-14 23:10:10'),
(1582, 19, 4405, 10, 2023, '2025-03-14 23:10:10', '2025-03-14 23:10:10'),
(1583, 20, 0, 10, 2023, '2025-03-14 23:10:10', '2025-03-14 23:10:10'),
(1584, 39, 0, 10, 2023, '2025-03-14 23:10:10', '2025-03-14 23:10:10'),
(1585, 15, 2606, 10, 2023, '2025-03-14 23:10:10', '2025-03-14 23:10:10'),
(1586, 17, 0, 10, 2023, '2025-03-14 23:10:10', '2025-03-14 23:10:10'),
(1587, 24, 435, 10, 2023, '2025-03-14 23:10:10', '2025-03-14 23:10:10'),
(1588, 18, 4384, 10, 2023, '2025-03-14 23:10:10', '2025-03-14 23:10:10'),
(1589, 42, 83, 10, 2023, '2025-03-14 23:10:10', '2025-03-14 23:10:10'),
(1590, 49, 32, 10, 2023, '2025-03-14 23:10:10', '2025-03-14 23:10:10'),
(1591, 46, 58, 10, 2023, '2025-03-14 23:10:10', '2025-03-14 23:10:10'),
(1592, 5, 0, 10, 2023, '2025-03-14 23:10:10', '2025-03-14 23:10:10'),
(1593, 40, 0, 10, 2023, '2025-03-14 23:10:10', '2025-03-14 23:10:10'),
(1594, 6, 1896, 10, 2023, '2025-03-14 23:10:10', '2025-03-14 23:10:10'),
(1595, 7, 3199, 10, 2023, '2025-03-14 23:10:10', '2025-03-14 23:10:10'),
(1596, 38, 0, 10, 2023, '2025-03-14 23:10:10', '2025-03-14 23:10:10'),
(1597, 11, 16521, 10, 2023, '2025-03-14 23:10:10', '2025-03-14 23:10:10'),
(1598, 43, 297, 10, 2023, '2025-03-14 23:10:10', '2025-03-14 23:10:10'),
(1599, 1, 1523, 10, 2023, '2025-03-14 23:10:10', '2025-03-14 23:10:10'),
(1600, 30, 10494, 10, 2023, '2025-03-14 23:10:10', '2025-03-14 23:10:10'),
(1601, 25, 923, 10, 2023, '2025-03-14 23:10:10', '2025-03-14 23:10:10'),
(1602, 2, 388, 10, 2023, '2025-03-14 23:10:10', '2025-03-14 23:10:10'),
(1603, 32, 300, 11, 2023, '2025-03-14 23:10:10', '2025-03-14 23:10:10'),
(1604, 27, 13948, 11, 2023, '2025-03-14 23:10:10', '2025-03-14 23:10:10'),
(1605, 31, 19642, 11, 2023, '2025-03-14 23:10:10', '2025-03-14 23:10:10'),
(1606, 26, 495, 11, 2023, '2025-03-14 23:10:10', '2025-03-14 23:10:10'),
(1607, 50, 67, 11, 2023, '2025-03-14 23:10:10', '2025-03-14 23:10:10'),
(1608, 28, 3160, 11, 2023, '2025-03-14 23:10:10', '2025-03-14 23:10:10'),
(1609, 13, 50, 11, 2023, '2025-03-14 23:10:10', '2025-03-14 23:10:10'),
(1610, 3, 61, 11, 2023, '2025-03-14 23:10:10', '2025-03-14 23:10:10'),
(1611, 8, 54170, 11, 2023, '2025-03-14 23:10:10', '2025-03-14 23:10:10'),
(1612, 10, 361, 11, 2023, '2025-03-14 23:10:10', '2025-03-14 23:10:10'),
(1613, 14, 464, 11, 2023, '2025-03-14 23:10:10', '2025-03-14 23:10:10'),
(1614, 16, 9, 11, 2023, '2025-03-14 23:10:10', '2025-03-14 23:10:10'),
(1615, 19, 4196, 11, 2023, '2025-03-14 23:10:10', '2025-03-14 23:10:10'),
(1616, 20, 0, 11, 2023, '2025-03-14 23:10:10', '2025-03-14 23:10:10'),
(1617, 39, 0, 11, 2023, '2025-03-14 23:10:10', '2025-03-14 23:10:10'),
(1618, 15, 2091, 11, 2023, '2025-03-14 23:10:10', '2025-03-14 23:10:10'),
(1619, 17, 0, 11, 2023, '2025-03-14 23:10:10', '2025-03-14 23:10:10'),
(1620, 24, 1050, 11, 2023, '2025-03-14 23:10:10', '2025-03-14 23:10:10'),
(1621, 18, 3797, 11, 2023, '2025-03-14 23:10:10', '2025-03-14 23:10:10'),
(1622, 42, 90, 11, 2023, '2025-03-14 23:10:10', '2025-03-14 23:10:10'),
(1623, 49, 39, 11, 2023, '2025-03-14 23:10:10', '2025-03-14 23:10:10'),
(1624, 46, 57, 11, 2023, '2025-03-14 23:10:10', '2025-03-14 23:10:10'),
(1625, 5, 0, 11, 2023, '2025-03-14 23:10:10', '2025-03-14 23:10:10'),
(1626, 40, 0, 11, 2023, '2025-03-14 23:10:10', '2025-03-14 23:10:10'),
(1627, 6, 1441, 11, 2023, '2025-03-14 23:10:10', '2025-03-14 23:10:10'),
(1628, 7, 2406, 11, 2023, '2025-03-14 23:10:10', '2025-03-14 23:10:10'),
(1629, 38, 0, 11, 2023, '2025-03-14 23:10:10', '2025-03-14 23:10:10'),
(1630, 11, 16805, 11, 2023, '2025-03-14 23:10:10', '2025-03-14 23:10:10'),
(1631, 43, 236, 11, 2023, '2025-03-14 23:10:10', '2025-03-14 23:10:10'),
(1632, 1, 1296, 11, 2023, '2025-03-14 23:10:10', '2025-03-14 23:10:10'),
(1633, 30, 8573, 11, 2023, '2025-03-14 23:10:10', '2025-03-14 23:10:10'),
(1634, 25, 1033, 11, 2023, '2025-03-14 23:10:10', '2025-03-14 23:10:10'),
(1635, 2, 383, 11, 2023, '2025-03-14 23:10:10', '2025-03-14 23:10:10'),
(1636, 32, 1100, 12, 2023, '2025-03-14 23:10:10', '2025-03-14 23:10:10'),
(1637, 27, 35265, 12, 2023, '2025-03-14 23:10:10', '2025-03-14 23:10:10'),
(1638, 31, 44046, 12, 2023, '2025-03-14 23:10:10', '2025-03-14 23:10:10'),
(1639, 26, 1411, 12, 2023, '2025-03-14 23:10:10', '2025-03-14 23:10:10'),
(1640, 50, 58, 12, 2023, '2025-03-14 23:10:10', '2025-03-14 23:10:10'),
(1641, 28, 7903, 12, 2023, '2025-03-14 23:10:10', '2025-03-14 23:10:10'),
(1642, 13, 50, 12, 2023, '2025-03-14 23:10:10', '2025-03-14 23:10:10'),
(1643, 3, 140, 12, 2023, '2025-03-14 23:10:10', '2025-03-14 23:10:10'),
(1644, 8, 68787, 12, 2023, '2025-03-14 23:10:10', '2025-03-14 23:10:10'),
(1645, 10, 539, 12, 2023, '2025-03-14 23:10:10', '2025-03-14 23:10:10'),
(1646, 14, 913, 12, 2023, '2025-03-14 23:10:10', '2025-03-14 23:10:10'),
(1647, 16, 106, 12, 2023, '2025-03-14 23:10:10', '2025-03-14 23:10:10'),
(1648, 19, 9946, 12, 2023, '2025-03-14 23:10:10', '2025-03-14 23:10:10'),
(1649, 20, 301, 12, 2023, '2025-03-14 23:10:10', '2025-03-14 23:10:10'),
(1650, 39, 0, 12, 2023, '2025-03-14 23:10:10', '2025-03-14 23:10:10'),
(1651, 15, 3968, 12, 2023, '2025-03-14 23:10:10', '2025-03-14 23:10:10'),
(1652, 17, 0, 12, 2023, '2025-03-14 23:10:10', '2025-03-14 23:10:10'),
(1653, 24, 10150, 12, 2023, '2025-03-14 23:10:10', '2025-03-14 23:10:10'),
(1654, 18, 5858, 12, 2023, '2025-03-14 23:10:10', '2025-03-14 23:10:10'),
(1655, 42, 300, 12, 2023, '2025-03-14 23:10:10', '2025-03-14 23:10:10'),
(1656, 49, 24, 12, 2023, '2025-03-14 23:10:10', '2025-03-14 23:10:10'),
(1657, 46, 102, 12, 2023, '2025-03-14 23:10:10', '2025-03-14 23:10:10'),
(1658, 5, 0, 12, 2023, '2025-03-14 23:10:10', '2025-03-14 23:10:10'),
(1659, 40, 0, 12, 2023, '2025-03-14 23:10:10', '2025-03-14 23:10:10'),
(1660, 6, 1877, 12, 2023, '2025-03-14 23:10:10', '2025-03-14 23:10:10'),
(1661, 7, 2883, 12, 2023, '2025-03-14 23:10:10', '2025-03-14 23:10:10'),
(1662, 38, 0, 12, 2023, '2025-03-14 23:10:10', '2025-03-14 23:10:10'),
(1663, 11, 21854, 12, 2023, '2025-03-14 23:10:10', '2025-03-14 23:10:10'),
(1664, 43, 436, 12, 2023, '2025-03-14 23:10:10', '2025-03-14 23:10:10'),
(1665, 1, 3067, 12, 2023, '2025-03-14 23:10:10', '2025-03-14 23:10:10'),
(1666, 30, 15590, 12, 2023, '2025-03-14 23:10:10', '2025-03-14 23:10:10'),
(1667, 25, 2190, 12, 2023, '2025-03-14 23:10:10', '2025-03-14 23:10:10'),
(1668, 2, 427, 12, 2023, '2025-03-14 23:10:10', '2025-03-14 23:10:10'),
(1669, 32, 2300, 1, 2024, '2025-03-14 23:10:10', '2025-03-14 23:10:10'),
(1670, 27, 21389, 1, 2024, '2025-03-14 23:10:10', '2025-03-14 23:10:10'),
(1671, 31, 28834, 1, 2024, '2025-03-14 23:10:10', '2025-03-14 23:10:10'),
(1672, 26, 757, 1, 2024, '2025-03-14 23:10:10', '2025-03-14 23:10:10'),
(1673, 50, 57, 1, 2024, '2025-03-14 23:10:10', '2025-03-14 23:10:10'),
(1674, 28, 6400, 1, 2024, '2025-03-14 23:10:10', '2025-03-14 23:10:10'),
(1675, 13, 40, 1, 2024, '2025-03-14 23:10:10', '2025-03-14 23:10:10'),
(1676, 3, 30, 1, 2024, '2025-03-14 23:10:10', '2025-03-14 23:10:10'),
(1677, 8, 56689, 1, 2024, '2025-03-14 23:10:10', '2025-03-14 23:10:10'),
(1678, 10, 1031, 1, 2024, '2025-03-14 23:10:10', '2025-03-14 23:10:10'),
(1679, 14, 711, 1, 2024, '2025-03-14 23:10:10', '2025-03-14 23:10:10'),
(1680, 16, 86, 1, 2024, '2025-03-14 23:10:10', '2025-03-14 23:10:10'),
(1681, 19, 9139, 1, 2024, '2025-03-14 23:10:10', '2025-03-14 23:10:10'),
(1682, 20, 111, 1, 2024, '2025-03-14 23:10:10', '2025-03-14 23:10:10'),
(1683, 39, 0, 1, 2024, '2025-03-14 23:10:10', '2025-03-14 23:10:10'),
(1684, 15, 3079, 1, 2024, '2025-03-14 23:10:10', '2025-03-14 23:10:10'),
(1685, 17, 1242, 1, 2024, '2025-03-14 23:10:10', '2025-03-14 23:10:10'),
(1686, 24, 200, 1, 2024, '2025-03-14 23:10:10', '2025-03-14 23:10:10'),
(1687, 18, 3352, 1, 2024, '2025-03-14 23:10:10', '2025-03-14 23:10:10'),
(1688, 42, 0, 1, 2024, '2025-03-14 23:10:10', '2025-03-14 23:10:10'),
(1689, 49, 23, 1, 2024, '2025-03-14 23:10:10', '2025-03-14 23:10:10'),
(1690, 46, 50, 1, 2024, '2025-03-14 23:10:10', '2025-03-14 23:10:10'),
(1691, 5, 0, 1, 2024, '2025-03-14 23:10:10', '2025-03-14 23:10:10'),
(1692, 40, 0, 1, 2024, '2025-03-14 23:10:10', '2025-03-14 23:10:10'),
(1693, 6, 1898, 1, 2024, '2025-03-14 23:10:10', '2025-03-14 23:10:10'),
(1694, 7, 2679, 1, 2024, '2025-03-14 23:10:10', '2025-03-14 23:10:10'),
(1695, 38, 0, 1, 2024, '2025-03-14 23:10:10', '2025-03-14 23:10:10'),
(1696, 11, 12187, 1, 2024, '2025-03-14 23:10:10', '2025-03-14 23:10:10'),
(1697, 43, 475, 1, 2024, '2025-03-14 23:10:10', '2025-03-14 23:10:10'),
(1698, 1, 2696, 1, 2024, '2025-03-14 23:10:10', '2025-03-14 23:10:10'),
(1699, 30, 11740, 1, 2024, '2025-03-14 23:10:10', '2025-03-14 23:10:10'),
(1700, 25, 1555, 1, 2024, '2025-03-14 23:10:10', '2025-03-14 23:10:10'),
(1701, 2, 702, 1, 2024, '2025-03-14 23:10:10', '2025-03-14 23:10:10'),
(1702, 4, 100, 1, 2024, '2025-03-14 23:10:10', '2025-03-14 23:10:10'),
(1703, 9, 50, 1, 2024, '2025-03-14 23:10:10', '2025-03-14 23:10:10'),
(1704, 12, 5765, 1, 2024, '2025-03-14 23:10:10', '2025-03-14 23:10:10'),
(1705, 41, 200, 1, 2024, '2025-03-14 23:10:10', '2025-03-14 23:10:10'),
(1706, 21, 0, 1, 2024, '2025-03-14 23:10:10', '2025-03-14 23:10:10'),
(1707, 22, 0, 1, 2024, '2025-03-14 23:10:10', '2025-03-14 23:10:10'),
(1708, 23, 0, 1, 2024, '2025-03-14 23:10:10', '2025-03-14 23:10:10'),
(1709, 29, 7112, 1, 2024, '2025-03-14 23:10:10', '2025-03-14 23:10:10'),
(1710, 32, 275, 2, 2024, '2025-03-14 23:10:10', '2025-03-14 23:10:10'),
(1711, 27, 12733, 2, 2024, '2025-03-14 23:10:10', '2025-03-14 23:10:10'),
(1712, 31, 16564, 2, 2024, '2025-03-14 23:10:10', '2025-03-14 23:10:10'),
(1713, 26, 201, 2, 2024, '2025-03-14 23:10:10', '2025-03-14 23:10:10'),
(1714, 50, 54, 2, 2024, '2025-03-14 23:10:10', '2025-03-14 23:10:10'),
(1715, 28, 3212, 2, 2024, '2025-03-14 23:10:10', '2025-03-14 23:10:10'),
(1716, 13, 30, 2, 2024, '2025-03-14 23:10:10', '2025-03-14 23:10:10'),
(1717, 3, 40, 2, 2024, '2025-03-14 23:10:10', '2025-03-14 23:10:10'),
(1718, 8, 55875, 2, 2024, '2025-03-14 23:10:10', '2025-03-14 23:10:10'),
(1719, 10, 278, 2, 2024, '2025-03-14 23:10:10', '2025-03-14 23:10:10'),
(1720, 14, 296, 2, 2024, '2025-03-14 23:10:10', '2025-03-14 23:10:10'),
(1721, 16, 48, 2, 2024, '2025-03-14 23:10:10', '2025-03-14 23:10:10'),
(1722, 19, 9715, 2, 2024, '2025-03-14 23:10:10', '2025-03-14 23:10:10'),
(1723, 20, 248, 2, 2024, '2025-03-14 23:10:10', '2025-03-14 23:10:10'),
(1724, 39, 0, 2, 2024, '2025-03-14 23:10:10', '2025-03-14 23:10:10'),
(1725, 15, 1704, 2, 2024, '2025-03-14 23:10:10', '2025-03-14 23:10:10'),
(1726, 17, 0, 2, 2024, '2025-03-14 23:10:10', '2025-03-14 23:10:10'),
(1727, 24, 198, 2, 2024, '2025-03-14 23:10:10', '2025-03-14 23:10:10'),
(1728, 18, 3024, 2, 2024, '2025-03-14 23:10:10', '2025-03-14 23:10:10'),
(1729, 42, 5, 2, 2024, '2025-03-14 23:10:10', '2025-03-14 23:10:10'),
(1730, 49, 26, 2, 2024, '2025-03-14 23:10:10', '2025-03-14 23:10:10'),
(1731, 46, 55, 2, 2024, '2025-03-14 23:10:10', '2025-03-14 23:10:10'),
(1732, 5, 0, 2, 2024, '2025-03-14 23:10:10', '2025-03-14 23:10:10'),
(1733, 40, 0, 2, 2024, '2025-03-14 23:10:10', '2025-03-14 23:10:10'),
(1734, 6, 1095, 2, 2024, '2025-03-14 23:10:10', '2025-03-14 23:10:10'),
(1735, 7, 1598, 2, 2024, '2025-03-14 23:10:10', '2025-03-14 23:10:10'),
(1736, 38, 0, 2, 2024, '2025-03-14 23:10:10', '2025-03-14 23:10:10'),
(1737, 11, 10560, 2, 2024, '2025-03-14 23:10:10', '2025-03-14 23:10:10'),
(1738, 43, 396, 2, 2024, '2025-03-14 23:10:10', '2025-03-14 23:10:10'),
(1739, 1, 2105, 2, 2024, '2025-03-14 23:10:10', '2025-03-14 23:10:10'),
(1740, 30, 6616, 2, 2024, '2025-03-14 23:10:10', '2025-03-14 23:10:10'),
(1741, 25, 1755, 2, 2024, '2025-03-14 23:10:10', '2025-03-14 23:10:10'),
(1742, 2, 359, 2, 2024, '2025-03-14 23:10:10', '2025-03-14 23:10:10'),
(1743, 4, 100, 2, 2024, '2025-03-14 23:10:10', '2025-03-14 23:10:10'),
(1744, 9, 50, 2, 2024, '2025-03-14 23:10:10', '2025-03-14 23:10:10'),
(1745, 12, 4447, 2, 2024, '2025-03-14 23:10:10', '2025-03-14 23:10:10'),
(1746, 41, 250, 2, 2024, '2025-03-14 23:10:10', '2025-03-14 23:10:10'),
(1747, 21, 0, 2, 2024, '2025-03-14 23:10:10', '2025-03-14 23:10:10'),
(1748, 22, 0, 2, 2024, '2025-03-14 23:10:10', '2025-03-14 23:10:10'),
(1749, 23, 0, 2, 2024, '2025-03-14 23:10:10', '2025-03-14 23:10:10'),
(1750, 29, 3500, 2, 2024, '2025-03-14 23:10:10', '2025-03-14 23:10:10'),
(1751, 32, 80, 3, 2024, '2025-03-14 23:10:10', '2025-03-14 23:10:10'),
(1752, 27, 4998, 3, 2024, '2025-03-14 23:10:10', '2025-03-14 23:10:10'),
(1753, 31, 5745, 3, 2024, '2025-03-14 23:10:10', '2025-03-14 23:10:10'),
(1754, 26, 200, 3, 2024, '2025-03-14 23:10:10', '2025-03-14 23:10:10'),
(1755, 50, 43, 3, 2024, '2025-03-14 23:10:10', '2025-03-14 23:10:10'),
(1756, 28, 1360, 3, 2024, '2025-03-14 23:10:10', '2025-03-14 23:10:10'),
(1757, 13, 50, 3, 2024, '2025-03-14 23:10:10', '2025-03-14 23:10:10'),
(1758, 3, 0, 3, 2024, '2025-03-14 23:10:10', '2025-03-14 23:10:10'),
(1759, 8, 54343, 3, 2024, '2025-03-14 23:10:10', '2025-03-14 23:10:10'),
(1760, 10, 226, 3, 2024, '2025-03-14 23:10:10', '2025-03-14 23:10:10'),
(1761, 14, 98, 3, 2024, '2025-03-14 23:10:10', '2025-03-14 23:10:10'),
(1762, 16, 12, 3, 2024, '2025-03-14 23:10:10', '2025-03-14 23:10:10'),
(1763, 19, 4295, 3, 2024, '2025-03-14 23:10:10', '2025-03-14 23:10:10'),
(1764, 20, 187, 3, 2024, '2025-03-14 23:10:10', '2025-03-14 23:10:10'),
(1765, 39, 0, 3, 2024, '2025-03-14 23:10:10', '2025-03-14 23:10:10'),
(1766, 15, 838, 3, 2024, '2025-03-14 23:10:10', '2025-03-14 23:10:10'),
(1767, 17, 4149, 3, 2024, '2025-03-14 23:10:10', '2025-03-14 23:10:10'),
(1768, 24, 0, 3, 2024, '2025-03-14 23:10:10', '2025-03-14 23:10:10'),
(1769, 18, 1013, 3, 2024, '2025-03-14 23:10:10', '2025-03-14 23:10:10'),
(1770, 42, 0, 3, 2024, '2025-03-14 23:10:10', '2025-03-14 23:10:10'),
(1771, 49, 17, 3, 2024, '2025-03-14 23:10:10', '2025-03-14 23:10:10'),
(1772, 46, 58, 3, 2024, '2025-03-14 23:10:10', '2025-03-14 23:10:10'),
(1773, 5, 0, 3, 2024, '2025-03-14 23:10:10', '2025-03-14 23:10:10'),
(1774, 40, 0, 3, 2024, '2025-03-14 23:10:10', '2025-03-14 23:10:10'),
(1775, 6, 545, 3, 2024, '2025-03-14 23:10:10', '2025-03-14 23:10:10'),
(1776, 7, 1524, 3, 2024, '2025-03-14 23:10:10', '2025-03-14 23:10:10'),
(1777, 38, 0, 3, 2024, '2025-03-14 23:10:10', '2025-03-14 23:10:10'),
(1778, 11, 3581, 3, 2024, '2025-03-14 23:10:10', '2025-03-14 23:10:10'),
(1779, 43, 389, 3, 2024, '2025-03-14 23:10:10', '2025-03-14 23:10:10'),
(1780, 1, 968, 3, 2024, '2025-03-14 23:10:10', '2025-03-14 23:10:10'),
(1781, 30, 8871, 3, 2024, '2025-03-14 23:10:10', '2025-03-14 23:10:10'),
(1782, 25, 446, 3, 2024, '2025-03-14 23:10:10', '2025-03-14 23:10:10'),
(1783, 2, 7, 3, 2024, '2025-03-14 23:10:10', '2025-03-14 23:10:10'),
(1784, 4, 100, 3, 2024, '2025-03-14 23:10:10', '2025-03-14 23:10:10'),
(1785, 9, 50, 3, 2024, '2025-03-14 23:10:10', '2025-03-14 23:10:10'),
(1786, 12, 1664, 3, 2024, '2025-03-14 23:10:10', '2025-03-14 23:10:10'),
(1787, 41, 200, 3, 2024, '2025-03-14 23:10:10', '2025-03-14 23:10:10'),
(1788, 21, 0, 3, 2024, '2025-03-14 23:10:10', '2025-03-14 23:10:10'),
(1789, 22, 0, 3, 2024, '2025-03-14 23:10:10', '2025-03-14 23:10:10'),
(1790, 23, 0, 3, 2024, '2025-03-14 23:10:10', '2025-03-14 23:10:10'),
(1791, 29, 1180, 3, 2024, '2025-03-14 23:10:10', '2025-03-14 23:10:10'),
(1792, 32, 2210, 4, 2024, '2025-03-14 23:10:10', '2025-03-14 23:10:10'),
(1793, 27, 23008, 4, 2024, '2025-03-14 23:10:10', '2025-03-14 23:10:10'),
(1794, 31, 26529, 4, 2024, '2025-03-14 23:10:10', '2025-03-14 23:10:10'),
(1795, 26, 200, 4, 2024, '2025-03-14 23:10:10', '2025-03-14 23:10:10'),
(1796, 50, 61, 4, 2024, '2025-03-14 23:10:10', '2025-03-14 23:10:10'),
(1797, 28, 4297, 4, 2024, '2025-03-14 23:10:10', '2025-03-14 23:10:10'),
(1798, 13, 50, 4, 2024, '2025-03-14 23:10:10', '2025-03-14 23:10:10'),
(1799, 3, 50, 4, 2024, '2025-03-14 23:10:10', '2025-03-14 23:10:10'),
(1800, 8, 84940, 4, 2024, '2025-03-14 23:10:10', '2025-03-14 23:10:10'),
(1801, 10, 399, 4, 2024, '2025-03-14 23:10:10', '2025-03-14 23:10:10'),
(1802, 14, 473, 4, 2024, '2025-03-14 23:10:10', '2025-03-14 23:10:10'),
(1803, 16, 92, 4, 2024, '2025-03-14 23:10:10', '2025-03-14 23:10:10'),
(1804, 19, 8015, 4, 2024, '2025-03-14 23:10:10', '2025-03-14 23:10:10'),
(1805, 20, 395, 4, 2024, '2025-03-14 23:10:10', '2025-03-14 23:10:10'),
(1806, 39, 0, 4, 2024, '2025-03-14 23:10:10', '2025-03-14 23:10:10'),
(1807, 15, 1471, 4, 2024, '2025-03-14 23:10:10', '2025-03-14 23:10:10'),
(1808, 17, 0, 4, 2024, '2025-03-14 23:10:10', '2025-03-14 23:10:10'),
(1809, 24, 80, 4, 2024, '2025-03-14 23:10:10', '2025-03-14 23:10:10'),
(1810, 18, 2276, 4, 2024, '2025-03-14 23:10:10', '2025-03-14 23:10:10'),
(1811, 42, 0, 4, 2024, '2025-03-14 23:10:10', '2025-03-14 23:10:10'),
(1812, 49, 29, 4, 2024, '2025-03-14 23:10:10', '2025-03-14 23:10:10'),
(1813, 46, 52, 4, 2024, '2025-03-14 23:10:10', '2025-03-14 23:10:10'),
(1814, 5, 0, 4, 2024, '2025-03-14 23:10:10', '2025-03-14 23:10:10'),
(1815, 40, 0, 4, 2024, '2025-03-14 23:10:10', '2025-03-14 23:10:10'),
(1816, 6, 835, 4, 2024, '2025-03-14 23:10:10', '2025-03-14 23:10:10'),
(1817, 7, 1719, 4, 2024, '2025-03-14 23:10:10', '2025-03-14 23:10:10'),
(1818, 38, 0, 4, 2024, '2025-03-14 23:10:10', '2025-03-14 23:10:10'),
(1819, 11, 9510, 4, 2024, '2025-03-14 23:10:10', '2025-03-14 23:10:10'),
(1820, 43, 358, 4, 2024, '2025-03-14 23:10:10', '2025-03-14 23:10:10'),
(1821, 1, 1936, 4, 2024, '2025-03-14 23:10:10', '2025-03-14 23:10:10'),
(1822, 30, 8819, 4, 2024, '2025-03-14 23:10:10', '2025-03-14 23:10:10'),
(1823, 25, 1139, 4, 2024, '2025-03-14 23:10:10', '2025-03-14 23:10:10'),
(1824, 2, 256, 4, 2024, '2025-03-14 23:10:10', '2025-03-14 23:10:10'),
(1825, 4, 100, 4, 2024, '2025-03-14 23:10:10', '2025-03-14 23:10:10'),
(1826, 9, 50, 4, 2024, '2025-03-14 23:10:10', '2025-03-14 23:10:10'),
(1827, 12, 2631, 4, 2024, '2025-03-14 23:10:10', '2025-03-14 23:10:10'),
(1828, 41, 275, 4, 2024, '2025-03-14 23:10:10', '2025-03-14 23:10:10'),
(1829, 21, 0, 4, 2024, '2025-03-14 23:10:10', '2025-03-14 23:10:10'),
(1830, 22, 0, 4, 2024, '2025-03-14 23:10:10', '2025-03-14 23:10:10'),
(1831, 23, 0, 4, 2024, '2025-03-14 23:10:10', '2025-03-14 23:10:10'),
(1832, 29, 5547, 4, 2024, '2025-03-14 23:10:10', '2025-03-14 23:10:10'),
(1833, 32, 575, 5, 2024, '2025-03-14 23:10:10', '2025-03-14 23:10:10'),
(1834, 27, 13895, 5, 2024, '2025-03-14 23:10:10', '2025-03-14 23:10:10'),
(1835, 31, 19072, 5, 2024, '2025-03-14 23:10:10', '2025-03-14 23:10:10'),
(1836, 26, 200, 5, 2024, '2025-03-14 23:10:10', '2025-03-14 23:10:10'),
(1837, 50, 55, 5, 2024, '2025-03-14 23:10:10', '2025-03-14 23:10:10'),
(1838, 28, 2951, 5, 2024, '2025-03-14 23:10:10', '2025-03-14 23:10:10'),
(1839, 13, 40, 5, 2024, '2025-03-14 23:10:10', '2025-03-14 23:10:10'),
(1840, 3, 50, 5, 2024, '2025-03-14 23:10:10', '2025-03-14 23:10:10'),
(1841, 8, 57359, 5, 2024, '2025-03-14 23:10:10', '2025-03-14 23:10:10'),
(1842, 10, 360, 5, 2024, '2025-03-14 23:10:10', '2025-03-14 23:10:10'),
(1843, 14, 0, 5, 2024, '2025-03-14 23:10:10', '2025-03-14 23:10:10'),
(1844, 16, 42, 5, 2024, '2025-03-14 23:10:10', '2025-03-14 23:10:10'),
(1845, 19, 10447, 5, 2024, '2025-03-14 23:10:10', '2025-03-14 23:10:10'),
(1846, 20, 437, 5, 2024, '2025-03-14 23:10:10', '2025-03-14 23:10:10'),
(1847, 39, 0, 5, 2024, '2025-03-14 23:10:10', '2025-03-14 23:10:10'),
(1848, 15, 1874, 5, 2024, '2025-03-14 23:10:10', '2025-03-14 23:10:10'),
(1849, 17, 0, 5, 2024, '2025-03-14 23:10:10', '2025-03-14 23:10:10'),
(1850, 24, 270, 5, 2024, '2025-03-14 23:10:10', '2025-03-14 23:10:10'),
(1851, 18, 3748, 5, 2024, '2025-03-14 23:10:10', '2025-03-14 23:10:10'),
(1852, 42, 0, 5, 2024, '2025-03-14 23:10:10', '2025-03-14 23:10:10'),
(1853, 49, 34, 5, 2024, '2025-03-14 23:10:10', '2025-03-14 23:10:10'),
(1854, 46, 61, 5, 2024, '2025-03-14 23:10:10', '2025-03-14 23:10:10'),
(1855, 5, 0, 5, 2024, '2025-03-14 23:10:10', '2025-03-14 23:10:10'),
(1856, 40, 0, 5, 2024, '2025-03-14 23:10:10', '2025-03-14 23:10:10'),
(1857, 6, 1002, 5, 2024, '2025-03-14 23:10:10', '2025-03-14 23:10:10'),
(1858, 7, 2143, 5, 2024, '2025-03-14 23:10:10', '2025-03-14 23:10:10'),
(1859, 38, 0, 5, 2024, '2025-03-14 23:10:10', '2025-03-14 23:10:10'),
(1860, 11, 14470, 5, 2024, '2025-03-14 23:10:10', '2025-03-14 23:10:10'),
(1861, 43, 397, 5, 2024, '2025-03-14 23:10:10', '2025-03-14 23:10:10'),
(1862, 1, 2766, 5, 2024, '2025-03-14 23:10:10', '2025-03-14 23:10:10'),
(1863, 30, 7040, 5, 2024, '2025-03-14 23:10:10', '2025-03-14 23:10:10'),
(1864, 25, 984, 5, 2024, '2025-03-14 23:10:10', '2025-03-14 23:10:10'),
(1865, 2, 397, 5, 2024, '2025-03-14 23:10:10', '2025-03-14 23:10:10'),
(1866, 4, 100, 5, 2024, '2025-03-14 23:10:10', '2025-03-14 23:10:10'),
(1867, 9, 50, 5, 2024, '2025-03-14 23:10:10', '2025-03-14 23:10:10'),
(1868, 12, 3905, 5, 2024, '2025-03-14 23:10:10', '2025-03-14 23:10:10'),
(1869, 41, 225, 5, 2024, '2025-03-14 23:10:10', '2025-03-14 23:10:10'),
(1870, 21, 0, 5, 2024, '2025-03-14 23:10:10', '2025-03-14 23:10:10'),
(1871, 22, 0, 5, 2024, '2025-03-14 23:10:10', '2025-03-14 23:10:10'),
(1872, 23, 0, 5, 2024, '2025-03-14 23:10:10', '2025-03-14 23:10:10'),
(1873, 29, 11042, 5, 2024, '2025-03-14 23:10:10', '2025-03-14 23:10:10'),
(1874, 32, 750, 6, 2024, '2025-03-14 23:10:10', '2025-03-14 23:10:10'),
(1875, 27, 14200, 6, 2024, '2025-03-14 23:10:10', '2025-03-14 23:10:10'),
(1876, 31, 20501, 6, 2024, '2025-03-14 23:10:10', '2025-03-14 23:10:10'),
(1877, 26, 200, 6, 2024, '2025-03-14 23:10:10', '2025-03-14 23:10:10'),
(1878, 50, 67, 6, 2024, '2025-03-14 23:10:10', '2025-03-14 23:10:10'),
(1879, 28, 2915, 6, 2024, '2025-03-14 23:10:10', '2025-03-14 23:10:10'),
(1880, 13, 40, 6, 2024, '2025-03-14 23:10:10', '2025-03-14 23:10:10'),
(1881, 3, 97, 6, 2024, '2025-03-14 23:10:10', '2025-03-14 23:10:10'),
(1882, 8, 60554, 6, 2024, '2025-03-14 23:10:10', '2025-03-14 23:10:10'),
(1883, 10, 356, 6, 2024, '2025-03-14 23:10:10', '2025-03-14 23:10:10'),
(1884, 14, 451, 6, 2024, '2025-03-14 23:10:10', '2025-03-14 23:10:10'),
(1885, 16, 72, 6, 2024, '2025-03-14 23:10:10', '2025-03-14 23:10:10'),
(1886, 19, 12369, 6, 2024, '2025-03-14 23:10:10', '2025-03-14 23:10:10'),
(1887, 20, 478, 6, 2024, '2025-03-14 23:10:10', '2025-03-14 23:10:10'),
(1888, 39, 0, 6, 2024, '2025-03-14 23:10:10', '2025-03-14 23:10:10'),
(1889, 15, 2391, 6, 2024, '2025-03-14 23:10:10', '2025-03-14 23:10:10'),
(1890, 17, 60, 6, 2024, '2025-03-14 23:10:10', '2025-03-14 23:10:10'),
(1891, 24, 700, 6, 2024, '2025-03-14 23:10:10', '2025-03-14 23:10:10'),
(1892, 18, 3382, 6, 2024, '2025-03-14 23:10:10', '2025-03-14 23:10:10'),
(1893, 42, 0, 6, 2024, '2025-03-14 23:10:10', '2025-03-14 23:10:10'),
(1894, 49, 35, 6, 2024, '2025-03-14 23:10:10', '2025-03-14 23:10:10'),
(1895, 46, 57, 6, 2024, '2025-03-14 23:10:10', '2025-03-14 23:10:10'),
(1896, 5, 0, 6, 2024, '2025-03-14 23:10:10', '2025-03-14 23:10:10'),
(1897, 40, 0, 6, 2024, '2025-03-14 23:10:10', '2025-03-14 23:10:10'),
(1898, 6, 870, 6, 2024, '2025-03-14 23:10:10', '2025-03-14 23:10:10'),
(1899, 7, 1687, 6, 2024, '2025-03-14 23:10:10', '2025-03-14 23:10:10'),
(1900, 38, 0, 6, 2024, '2025-03-14 23:10:10', '2025-03-14 23:10:10'),
(1901, 11, 13952, 6, 2024, '2025-03-14 23:10:10', '2025-03-14 23:10:10'),
(1902, 43, 438, 6, 2024, '2025-03-14 23:10:10', '2025-03-14 23:10:10'),
(1903, 1, 3477, 6, 2024, '2025-03-14 23:10:10', '2025-03-14 23:10:10'),
(1904, 30, 6926, 6, 2024, '2025-03-14 23:10:10', '2025-03-14 23:10:10'),
(1905, 25, 748, 6, 2024, '2025-03-14 23:10:10', '2025-03-14 23:10:10'),
(1906, 2, 635, 6, 2024, '2025-03-14 23:10:10', '2025-03-14 23:10:10'),
(1907, 4, 100, 6, 2024, '2025-03-14 23:10:10', '2025-03-14 23:10:10'),
(1908, 9, 50, 6, 2024, '2025-03-14 23:10:10', '2025-03-14 23:10:10'),
(1909, 12, 3747, 6, 2024, '2025-03-14 23:10:10', '2025-03-14 23:10:10'),
(1910, 41, 200, 6, 2024, '2025-03-14 23:10:10', '2025-03-14 23:10:10'),
(1911, 21, 0, 6, 2024, '2025-03-14 23:10:10', '2025-03-14 23:10:10'),
(1912, 22, 0, 6, 2024, '2025-03-14 23:10:10', '2025-03-14 23:10:10'),
(1913, 23, 0, 6, 2024, '2025-03-14 23:10:10', '2025-03-14 23:10:10'),
(1914, 29, 29757, 6, 2024, '2025-03-14 23:10:10', '2025-03-14 23:10:10'),
(1915, 32, 700, 7, 2024, '2025-03-14 23:10:10', '2025-03-14 23:10:10'),
(1916, 27, 11200, 7, 2024, '2025-03-14 23:10:10', '2025-03-14 23:10:10'),
(1917, 31, 18163, 7, 2024, '2025-03-14 23:10:10', '2025-03-14 23:10:10'),
(1918, 26, 200, 7, 2024, '2025-03-14 23:10:10', '2025-03-14 23:10:10'),
(1919, 50, 55, 7, 2024, '2025-03-14 23:10:10', '2025-03-14 23:10:10'),
(1920, 28, 2350, 7, 2024, '2025-03-14 23:10:10', '2025-03-14 23:10:10'),
(1921, 13, 30, 7, 2024, '2025-03-14 23:10:10', '2025-03-14 23:10:10'),
(1922, 3, 99, 7, 2024, '2025-03-14 23:10:10', '2025-03-14 23:10:10'),
(1923, 8, 60959, 7, 2024, '2025-03-14 23:10:10', '2025-03-14 23:10:10'),
(1924, 10, 331, 7, 2024, '2025-03-14 23:10:10', '2025-03-14 23:10:10'),
(1925, 14, 452, 7, 2024, '2025-03-14 23:10:10', '2025-03-14 23:10:10'),
(1926, 16, 33, 7, 2024, '2025-03-14 23:10:10', '2025-03-14 23:10:10'),
(1927, 19, 10954, 7, 2024, '2025-03-14 23:10:10', '2025-03-14 23:10:10'),
(1928, 20, 547, 7, 2024, '2025-03-14 23:10:10', '2025-03-14 23:10:10'),
(1929, 39, 0, 7, 2024, '2025-03-14 23:10:10', '2025-03-14 23:10:10'),
(1930, 15, 2558, 7, 2024, '2025-03-14 23:10:10', '2025-03-14 23:10:10'),
(1931, 17, 487, 7, 2024, '2025-03-14 23:10:10', '2025-03-14 23:10:10'),
(1932, 24, 2350, 7, 2024, '2025-03-14 23:10:10', '2025-03-14 23:10:10'),
(1933, 18, 3546, 7, 2024, '2025-03-14 23:10:10', '2025-03-14 23:10:10'),
(1934, 42, 0, 7, 2024, '2025-03-14 23:10:10', '2025-03-14 23:10:10'),
(1935, 49, 1000, 7, 2024, '2025-03-14 23:10:10', '2025-03-14 23:10:10'),
(1936, 46, 59, 7, 2024, '2025-03-14 23:10:10', '2025-03-14 23:10:10'),
(1937, 5, 0, 7, 2024, '2025-03-14 23:10:10', '2025-03-14 23:10:10'),
(1938, 40, 0, 7, 2024, '2025-03-14 23:10:10', '2025-03-14 23:10:10'),
(1939, 6, 927, 7, 2024, '2025-03-14 23:10:10', '2025-03-14 23:10:10'),
(1940, 7, 1753, 7, 2024, '2025-03-14 23:10:10', '2025-03-14 23:10:10'),
(1941, 38, 0, 7, 2024, '2025-03-14 23:10:10', '2025-03-14 23:10:10'),
(1942, 11, 12713, 7, 2024, '2025-03-14 23:10:10', '2025-03-14 23:10:10'),
(1943, 43, 387, 7, 2024, '2025-03-14 23:10:10', '2025-03-14 23:10:10'),
(1944, 1, 2394, 7, 2024, '2025-03-14 23:10:10', '2025-03-14 23:10:10'),
(1945, 30, 6678, 7, 2024, '2025-03-14 23:10:10', '2025-03-14 23:10:10'),
(1946, 25, 650, 7, 2024, '2025-03-14 23:10:10', '2025-03-14 23:10:10'),
(1947, 2, 366, 7, 2024, '2025-03-14 23:10:10', '2025-03-14 23:10:10'),
(1948, 4, 100, 7, 2024, '2025-03-14 23:10:10', '2025-03-14 23:10:10'),
(1949, 9, 50, 7, 2024, '2025-03-14 23:10:10', '2025-03-14 23:10:10'),
(1950, 12, 3109, 7, 2024, '2025-03-14 23:10:10', '2025-03-14 23:10:10'),
(1951, 41, 300, 7, 2024, '2025-03-14 23:10:10', '2025-03-14 23:10:10'),
(1952, 21, 0, 7, 2024, '2025-03-14 23:10:10', '2025-03-14 23:10:10'),
(1953, 22, 0, 7, 2024, '2025-03-14 23:10:10', '2025-03-14 23:10:10'),
(1954, 23, 0, 7, 2024, '2025-03-14 23:10:10', '2025-03-14 23:10:10'),
(1955, 29, 12576, 7, 2024, '2025-03-14 23:10:10', '2025-03-14 23:10:10'),
(1956, 32, 300, 8, 2024, '2025-03-14 23:10:10', '2025-03-14 23:10:10'),
(1957, 27, 8000, 8, 2024, '2025-03-14 23:10:10', '2025-03-14 23:10:10'),
(1958, 31, 9781, 8, 2024, '2025-03-14 23:10:10', '2025-03-14 23:10:10'),
(1959, 26, 200, 8, 2024, '2025-03-14 23:10:10', '2025-03-14 23:10:10'),
(1960, 50, 53, 8, 2024, '2025-03-14 23:10:10', '2025-03-14 23:10:10'),
(1961, 28, 1900, 8, 2024, '2025-03-14 23:10:10', '2025-03-14 23:10:10'),
(1962, 13, 40, 8, 2024, '2025-03-14 23:10:10', '2025-03-14 23:10:10'),
(1963, 3, 94, 8, 2024, '2025-03-14 23:10:10', '2025-03-14 23:10:10'),
(1964, 8, 52924, 8, 2024, '2025-03-14 23:10:10', '2025-03-14 23:10:10'),
(1965, 10, 327, 8, 2024, '2025-03-14 23:10:10', '2025-03-14 23:10:10'),
(1966, 14, 343, 8, 2024, '2025-03-14 23:10:10', '2025-03-14 23:10:10'),
(1967, 16, 17, 8, 2024, '2025-03-14 23:10:10', '2025-03-14 23:10:10'),
(1968, 19, 6979, 8, 2024, '2025-03-14 23:10:10', '2025-03-14 23:10:10'),
(1969, 20, 585, 8, 2024, '2025-03-14 23:10:10', '2025-03-14 23:10:10'),
(1970, 39, 0, 8, 2024, '2025-03-14 23:10:10', '2025-03-14 23:10:10'),
(1971, 15, 1420, 8, 2024, '2025-03-14 23:10:10', '2025-03-14 23:10:10'),
(1972, 17, 66, 8, 2024, '2025-03-14 23:10:10', '2025-03-14 23:10:10'),
(1973, 24, 2040, 8, 2024, '2025-03-14 23:10:10', '2025-03-14 23:10:10'),
(1974, 18, 2246, 8, 2024, '2025-03-14 23:10:10', '2025-03-14 23:10:10'),
(1975, 42, 0, 8, 2024, '2025-03-14 23:10:10', '2025-03-14 23:10:10'),
(1976, 49, 26, 8, 2024, '2025-03-14 23:10:10', '2025-03-14 23:10:10'),
(1977, 46, 56, 8, 2024, '2025-03-14 23:10:10', '2025-03-14 23:10:10'),
(1978, 5, 0, 8, 2024, '2025-03-14 23:10:10', '2025-03-14 23:10:10'),
(1979, 40, 0, 8, 2024, '2025-03-14 23:10:10', '2025-03-14 23:10:10'),
(1980, 6, 617, 8, 2024, '2025-03-14 23:10:10', '2025-03-14 23:10:10'),
(1981, 7, 1397, 8, 2024, '2025-03-14 23:10:10', '2025-03-14 23:10:10'),
(1982, 38, 0, 8, 2024, '2025-03-14 23:10:10', '2025-03-14 23:10:10'),
(1983, 11, 7191, 8, 2024, '2025-03-14 23:10:10', '2025-03-14 23:10:10'),
(1984, 43, 402, 8, 2024, '2025-03-14 23:10:10', '2025-03-14 23:10:10'),
(1985, 1, 1554, 8, 2024, '2025-03-14 23:10:10', '2025-03-14 23:10:10'),
(1986, 30, 3034, 8, 2024, '2025-03-14 23:10:10', '2025-03-14 23:10:10'),
(1987, 25, 427, 8, 2024, '2025-03-14 23:10:10', '2025-03-14 23:10:10'),
(1988, 2, 233, 8, 2024, '2025-03-14 23:10:10', '2025-03-14 23:10:10'),
(1989, 4, 100, 8, 2024, '2025-03-14 23:10:10', '2025-03-14 23:10:10'),
(1990, 9, 50, 8, 2024, '2025-03-14 23:10:10', '2025-03-14 23:10:10'),
(1991, 12, 1758, 8, 2024, '2025-03-14 23:10:10', '2025-03-14 23:10:10'),
(1992, 41, 300, 8, 2024, '2025-03-14 23:10:10', '2025-03-14 23:10:10'),
(1993, 21, 0, 8, 2024, '2025-03-14 23:10:10', '2025-03-14 23:10:10'),
(1994, 22, 0, 8, 2024, '2025-03-14 23:10:10', '2025-03-14 23:10:10'),
(1995, 23, 0, 8, 2024, '2025-03-14 23:10:10', '2025-03-14 23:10:10'),
(1996, 29, 7775, 8, 2024, '2025-03-14 23:10:10', '2025-03-14 23:10:10'),
(1997, 32, 400, 9, 2024, '2025-03-14 23:10:10', '2025-03-14 23:10:10'),
(1998, 27, 13500, 9, 2024, '2025-03-14 23:10:10', '2025-03-14 23:10:10'),
(1999, 31, 9531, 9, 2024, '2025-03-14 23:10:10', '2025-03-14 23:10:10'),
(2000, 26, 200, 9, 2024, '2025-03-14 23:10:10', '2025-03-14 23:10:10'),
(2001, 50, 62, 9, 2024, '2025-03-14 23:10:10', '2025-03-14 23:10:10'),
(2002, 28, 2400, 9, 2024, '2025-03-14 23:10:10', '2025-03-14 23:10:10'),
(2003, 13, 30, 9, 2024, '2025-03-14 23:10:10', '2025-03-14 23:10:10'),
(2004, 3, 107, 9, 2024, '2025-03-14 23:10:10', '2025-03-14 23:10:10'),
(2005, 8, 55135, 9, 2024, '2025-03-14 23:10:10', '2025-03-14 23:10:10'),
(2006, 10, 344, 9, 2024, '2025-03-14 23:10:10', '2025-03-14 23:10:10'),
(2007, 14, 250, 9, 2024, '2025-03-14 23:10:10', '2025-03-14 23:10:10'),
(2008, 16, 27, 9, 2024, '2025-03-14 23:10:10', '2025-03-14 23:10:10'),
(2009, 19, 10033, 9, 2024, '2025-03-14 23:10:10', '2025-03-14 23:10:10'),
(2010, 20, 841, 9, 2024, '2025-03-14 23:10:10', '2025-03-14 23:10:10'),
(2011, 39, 0, 9, 2024, '2025-03-14 23:10:10', '2025-03-14 23:10:10'),
(2012, 15, 2721, 9, 2024, '2025-03-14 23:10:10', '2025-03-14 23:10:10'),
(2013, 17, 38, 9, 2024, '2025-03-14 23:10:10', '2025-03-14 23:10:10'),
(2014, 24, 450, 9, 2024, '2025-03-14 23:10:10', '2025-03-14 23:10:10'),
(2015, 18, 3609, 9, 2024, '2025-03-14 23:10:10', '2025-03-14 23:10:10'),
(2016, 42, 0, 9, 2024, '2025-03-14 23:10:10', '2025-03-14 23:10:10'),
(2017, 49, 30, 9, 2024, '2025-03-14 23:10:10', '2025-03-14 23:10:10'),
(2018, 46, 50, 9, 2024, '2025-03-14 23:10:10', '2025-03-14 23:10:10'),
(2019, 5, 0, 9, 2024, '2025-03-14 23:10:10', '2025-03-14 23:10:10'),
(2020, 40, 0, 9, 2024, '2025-03-14 23:10:10', '2025-03-14 23:10:10'),
(2021, 6, 1009, 9, 2024, '2025-03-14 23:10:10', '2025-03-14 23:10:10'),
(2022, 7, 2294, 9, 2024, '2025-03-14 23:10:10', '2025-03-14 23:10:10'),
(2023, 38, 0, 9, 2024, '2025-03-14 23:10:10', '2025-03-14 23:10:10'),
(2024, 11, 9922, 9, 2024, '2025-03-14 23:10:10', '2025-03-14 23:10:10'),
(2025, 43, 341, 9, 2024, '2025-03-14 23:10:10', '2025-03-14 23:10:10'),
(2026, 1, 2534, 9, 2024, '2025-03-14 23:10:10', '2025-03-14 23:10:10'),
(2027, 30, 4275, 9, 2024, '2025-03-14 23:10:10', '2025-03-14 23:10:10'),
(2028, 25, 579, 9, 2024, '2025-03-14 23:10:10', '2025-03-14 23:10:10'),
(2029, 2, 610, 9, 2024, '2025-03-14 23:10:10', '2025-03-14 23:10:10'),
(2030, 4, 100, 9, 2024, '2025-03-14 23:10:10', '2025-03-14 23:10:10'),
(2031, 9, 50, 9, 2024, '2025-03-14 23:10:10', '2025-03-14 23:10:10'),
(2032, 12, 2250, 9, 2024, '2025-03-14 23:10:10', '2025-03-14 23:10:10'),
(2033, 41, 250, 9, 2024, '2025-03-14 23:10:10', '2025-03-14 23:10:10'),
(2034, 21, 0, 9, 2024, '2025-03-14 23:10:10', '2025-03-14 23:10:10'),
(2035, 22, 0, 9, 2024, '2025-03-14 23:10:10', '2025-03-14 23:10:10'),
(2036, 23, 0, 9, 2024, '2025-03-14 23:10:10', '2025-03-14 23:10:10'),
(2037, 29, 7550, 9, 2024, '2025-03-14 23:10:10', '2025-03-14 23:10:10'),
(2038, 32, 300, 10, 2024, '2025-03-14 23:10:10', '2025-03-14 23:10:10'),
(2039, 27, 12000, 10, 2024, '2025-03-14 23:10:10', '2025-03-14 23:10:10'),
(2040, 31, 5087, 10, 2024, '2025-03-14 23:10:10', '2025-03-14 23:10:10'),
(2041, 26, 200, 10, 2024, '2025-03-14 23:10:10', '2025-03-14 23:10:10'),
(2042, 50, 64, 10, 2024, '2025-03-14 23:10:10', '2025-03-14 23:10:10'),
(2043, 28, 2200, 10, 2024, '2025-03-14 23:10:10', '2025-03-14 23:10:10'),
(2044, 13, 50, 10, 2024, '2025-03-14 23:10:10', '2025-03-14 23:10:10'),
(2045, 3, 113, 10, 2024, '2025-03-14 23:10:10', '2025-03-14 23:10:10'),
(2046, 8, 56156, 10, 2024, '2025-03-14 23:10:10', '2025-03-14 23:10:10'),
(2047, 10, 307, 10, 2024, '2025-03-14 23:10:10', '2025-03-14 23:10:10'),
(2048, 14, 56, 10, 2024, '2025-03-14 23:10:10', '2025-03-14 23:10:10'),
(2049, 16, 27, 10, 2024, '2025-03-14 23:10:10', '2025-03-14 23:10:10'),
(2050, 19, 7846, 10, 2024, '2025-03-14 23:10:10', '2025-03-14 23:10:10'),
(2051, 20, 432, 10, 2024, '2025-03-14 23:10:10', '2025-03-14 23:10:10'),
(2052, 39, 0, 10, 2024, '2025-03-14 23:10:10', '2025-03-14 23:10:10'),
(2053, 15, 1707, 10, 2024, '2025-03-14 23:10:10', '2025-03-14 23:10:10'),
(2054, 17, 56, 10, 2024, '2025-03-14 23:10:10', '2025-03-14 23:10:10'),
(2055, 24, 350, 10, 2024, '2025-03-14 23:10:10', '2025-03-14 23:10:10'),
(2056, 18, 2411, 10, 2024, '2025-03-14 23:10:10', '2025-03-14 23:10:10'),
(2057, 42, 0, 10, 2024, '2025-03-14 23:10:10', '2025-03-14 23:10:10'),
(2058, 49, 32, 10, 2024, '2025-03-14 23:10:10', '2025-03-14 23:10:10'),
(2059, 46, 58, 10, 2024, '2025-03-14 23:10:10', '2025-03-14 23:10:10'),
(2060, 5, 0, 10, 2024, '2025-03-14 23:10:10', '2025-03-14 23:10:10'),
(2061, 40, 0, 10, 2024, '2025-03-14 23:10:10', '2025-03-14 23:10:10'),
(2062, 6, 1105, 10, 2024, '2025-03-14 23:10:10', '2025-03-14 23:10:10'),
(2063, 7, 2638, 10, 2024, '2025-03-14 23:10:10', '2025-03-14 23:10:10'),
(2064, 38, 0, 10, 2024, '2025-03-14 23:10:10', '2025-03-14 23:10:10'),
(2065, 11, 9678, 10, 2024, '2025-03-14 23:10:10', '2025-03-14 23:10:10'),
(2066, 43, 347, 10, 2024, '2025-03-14 23:10:10', '2025-03-14 23:10:10'),
(2067, 1, 2015, 10, 2024, '2025-03-14 23:10:10', '2025-03-14 23:10:10'),
(2068, 30, 3057, 10, 2024, '2025-03-14 23:10:10', '2025-03-14 23:10:10'),
(2069, 25, 527, 10, 2024, '2025-03-14 23:10:10', '2025-03-14 23:10:10'),
(2070, 2, 359, 10, 2024, '2025-03-14 23:10:10', '2025-03-14 23:10:10'),
(2071, 4, 0, 10, 2024, '2025-03-14 23:10:10', '2025-03-14 23:10:10'),
(2072, 9, 50, 10, 2024, '2025-03-14 23:10:10', '2025-03-14 23:10:10'),
(2073, 12, 1828, 10, 2024, '2025-03-14 23:10:10', '2025-03-14 23:10:10'),
(2074, 41, 210, 10, 2024, '2025-03-14 23:10:10', '2025-03-14 23:10:10'),
(2075, 21, 0, 10, 2024, '2025-03-14 23:10:10', '2025-03-14 23:10:10'),
(2076, 22, 0, 10, 2024, '2025-03-14 23:10:10', '2025-03-14 23:10:10'),
(2077, 23, 0, 10, 2024, '2025-03-14 23:10:10', '2025-03-14 23:10:10'),
(2078, 29, 3767, 10, 2024, '2025-03-14 23:10:10', '2025-03-14 23:10:10'),
(2079, 32, 300, 11, 2024, '2025-03-14 23:10:10', '2025-03-14 23:10:10'),
(2080, 27, 15000, 11, 2024, '2025-03-14 23:10:10', '2025-03-14 23:10:10'),
(2081, 31, 9495, 11, 2024, '2025-03-14 23:10:10', '2025-03-14 23:10:10'),
(2082, 26, 200, 11, 2024, '2025-03-14 23:10:10', '2025-03-14 23:10:10'),
(2083, 50, 67, 11, 2024, '2025-03-14 23:10:10', '2025-03-14 23:10:10'),
(2084, 28, 3160, 11, 2024, '2025-03-14 23:10:10', '2025-03-14 23:10:10'),
(2085, 13, 40, 11, 2024, '2025-03-14 23:10:10', '2025-03-14 23:10:10'),
(2086, 3, 129, 11, 2024, '2025-03-14 23:10:10', '2025-03-14 23:10:10'),
(2087, 8, 56591, 11, 2024, '2025-03-14 23:10:10', '2025-03-14 23:10:10'),
(2088, 10, 177, 11, 2024, '2025-03-14 23:10:10', '2025-03-14 23:10:10'),
(2089, 14, 274, 11, 2024, '2025-03-14 23:10:10', '2025-03-14 23:10:10'),
(2090, 16, 21, 11, 2024, '2025-03-14 23:10:10', '2025-03-14 23:10:10'),
(2091, 19, 4760, 11, 2024, '2025-03-14 23:10:10', '2025-03-14 23:10:10'),
(2092, 20, 318, 11, 2024, '2025-03-14 23:10:10', '2025-03-14 23:10:10'),
(2093, 39, 0, 11, 2024, '2025-03-14 23:10:10', '2025-03-14 23:10:10'),
(2094, 15, 1243, 11, 2024, '2025-03-14 23:10:10', '2025-03-14 23:10:10'),
(2095, 17, 18, 11, 2024, '2025-03-14 23:10:10', '2025-03-14 23:10:10'),
(2096, 24, 5434, 11, 2024, '2025-03-14 23:10:10', '2025-03-14 23:10:10'),
(2097, 18, 2424, 11, 2024, '2025-03-14 23:10:10', '2025-03-14 23:10:10'),
(2098, 42, 0, 11, 2024, '2025-03-14 23:10:10', '2025-03-14 23:10:10'),
(2099, 49, 39, 11, 2024, '2025-03-14 23:10:10', '2025-03-14 23:10:10'),
(2100, 46, 57, 11, 2024, '2025-03-14 23:10:10', '2025-03-14 23:10:10'),
(2101, 5, 0, 11, 2024, '2025-03-14 23:10:10', '2025-03-14 23:10:10'),
(2102, 40, 0, 11, 2024, '2025-03-14 23:10:10', '2025-03-14 23:10:10'),
(2103, 6, 641, 11, 2024, '2025-03-14 23:10:10', '2025-03-14 23:10:10'),
(2104, 7, 2825, 11, 2024, '2025-03-14 23:10:10', '2025-03-14 23:10:10'),
(2105, 38, 0, 11, 2024, '2025-03-14 23:10:10', '2025-03-14 23:10:10'),
(2106, 11, 7962, 11, 2024, '2025-03-14 23:10:10', '2025-03-14 23:10:10'),
(2107, 43, 386, 11, 2024, '2025-03-14 23:10:10', '2025-03-14 23:10:10'),
(2108, 1, 1370, 11, 2024, '2025-03-14 23:10:10', '2025-03-14 23:10:10'),
(2109, 30, 2463, 11, 2024, '2025-03-14 23:10:10', '2025-03-14 23:10:10'),
(2110, 25, 378, 11, 2024, '2025-03-14 23:10:10', '2025-03-14 23:10:10'),
(2111, 2, 384, 11, 2024, '2025-03-14 23:10:10', '2025-03-14 23:10:10'),
(2112, 4, 0, 11, 2024, '2025-03-14 23:10:10', '2025-03-14 23:10:10'),
(2113, 9, 50, 11, 2024, '2025-03-14 23:10:10', '2025-03-14 23:10:10'),
(2114, 12, 1915, 11, 2024, '2025-03-14 23:10:10', '2025-03-14 23:10:10'),
(2115, 41, 250, 11, 2024, '2025-03-14 23:10:10', '2025-03-14 23:10:10'),
(2116, 21, 0, 11, 2024, '2025-03-14 23:10:10', '2025-03-14 23:10:10'),
(2117, 22, 0, 11, 2024, '2025-03-14 23:10:10', '2025-03-14 23:10:10'),
(2118, 23, 0, 11, 2024, '2025-03-14 23:10:10', '2025-03-14 23:10:10'),
(2119, 29, 1004, 11, 2024, '2025-03-14 23:10:10', '2025-03-14 23:10:10'),
(2120, 32, 300, 12, 2024, '2025-03-14 23:10:10', '2025-03-14 23:10:10'),
(2121, 27, 38000, 12, 2024, '2025-03-14 23:10:10', '2025-03-14 23:10:10'),
(2122, 31, 13064, 12, 2024, '2025-03-14 23:10:10', '2025-03-14 23:10:10'),
(2123, 26, 200, 12, 2024, '2025-03-14 23:10:10', '2025-03-14 23:10:10'),
(2124, 50, 58, 12, 2024, '2025-03-14 23:10:10', '2025-03-14 23:10:10'),
(2125, 28, 7903, 12, 2024, '2025-03-14 23:10:10', '2025-03-14 23:10:10'),
(2126, 13, 40, 12, 2024, '2025-03-14 23:10:10', '2025-03-14 23:10:10'),
(2127, 3, 200, 12, 2024, '2025-03-14 23:10:10', '2025-03-14 23:10:10'),
(2128, 8, 70094, 12, 2024, '2025-03-14 23:10:10', '2025-03-14 23:10:10'),
(2129, 10, 288, 12, 2024, '2025-03-14 23:10:10', '2025-03-14 23:10:10'),
(2130, 14, 211, 12, 2024, '2025-03-14 23:10:10', '2025-03-14 23:10:10'),
(2131, 16, 4, 12, 2024, '2025-03-14 23:10:10', '2025-03-14 23:10:10'),
(2132, 19, 5900, 12, 2024, '2025-03-14 23:10:10', '2025-03-14 23:10:10'),
(2133, 20, 505, 12, 2024, '2025-03-14 23:10:10', '2025-03-14 23:10:10'),
(2134, 39, 0, 12, 2024, '2025-03-14 23:10:10', '2025-03-14 23:10:10'),
(2135, 15, 1750, 12, 2024, '2025-03-14 23:10:10', '2025-03-14 23:10:10'),
(2136, 17, 0, 12, 2024, '2025-03-14 23:10:10', '2025-03-14 23:10:10'),
(2137, 24, 400, 12, 2024, '2025-03-14 23:10:10', '2025-03-14 23:10:10'),
(2138, 18, 3741, 12, 2024, '2025-03-14 23:10:10', '2025-03-14 23:10:10'),
(2139, 42, 0, 12, 2024, '2025-03-14 23:10:10', '2025-03-14 23:10:10'),
(2140, 49, 24, 12, 2024, '2025-03-14 23:10:10', '2025-03-14 23:10:10'),
(2141, 46, 102, 12, 2024, '2025-03-14 23:10:10', '2025-03-14 23:10:10'),
(2142, 5, 0, 12, 2024, '2025-03-14 23:10:10', '2025-03-14 23:10:10'),
(2143, 40, 0, 12, 2024, '2025-03-14 23:10:10', '2025-03-14 23:10:10'),
(2144, 6, 573, 12, 2024, '2025-03-14 23:10:10', '2025-03-14 23:10:10'),
(2145, 7, 1774, 12, 2024, '2025-03-14 23:10:10', '2025-03-14 23:10:10'),
(2146, 38, 0, 12, 2024, '2025-03-14 23:10:10', '2025-03-14 23:10:10'),
(2147, 11, 12127, 12, 2024, '2025-03-14 23:10:10', '2025-03-14 23:10:10'),
(2148, 43, 361, 12, 2024, '2025-03-14 23:10:10', '2025-03-14 23:10:10'),
(2149, 1, 2802, 12, 2024, '2025-03-14 23:10:10', '2025-03-14 23:10:10'),
(2150, 30, 3545, 12, 2024, '2025-03-14 23:10:10', '2025-03-14 23:10:10'),
(2151, 25, 428, 12, 2024, '2025-03-14 23:10:10', '2025-03-14 23:10:10'),
(2152, 2, 568, 12, 2024, '2025-03-14 23:10:10', '2025-03-14 23:10:10'),
(2153, 4, 0, 12, 2024, '2025-03-14 23:10:10', '2025-03-14 23:10:10'),
(2154, 9, 50, 12, 2024, '2025-03-14 23:10:10', '2025-03-14 23:10:10');
INSERT INTO `kunjungan` (`id`, `wisata_id`, `jumlah`, `bulan`, `tahun`, `created_at`, `updated_at`) VALUES
(2155, 12, 2965, 12, 2024, '2025-03-14 23:10:10', '2025-03-14 23:10:10'),
(2156, 41, 300, 12, 2024, '2025-03-14 23:10:10', '2025-03-14 23:10:10'),
(2157, 21, 0, 12, 2024, '2025-03-14 23:10:10', '2025-03-14 23:10:10'),
(2158, 22, 0, 12, 2024, '2025-03-14 23:10:10', '2025-03-14 23:10:10'),
(2159, 23, 0, 12, 2024, '2025-03-14 23:10:10', '2025-03-14 23:10:10'),
(2160, 29, 3167, 12, 2024, '2025-03-14 23:10:10', '2025-03-14 23:10:10');

-- --------------------------------------------------------


INSERT INTO `media` (`id`, `wisata_id`, `url`, `type`, `created_at`, `updated_at`) VALUES
(1, 2, 'media/64MWVFLKmgLvN3pW3FKmJwrpnAikFmiLMqOhiiuA.jpg', 'foto', '2025-03-12 08:48:16', '2025-03-12 08:48:16'),
(2, 2, 'media/r20NCg5xaefFyFLuwmYK9oJO4Y7I3zKHU5josNgQ.jpg', 'foto', '2025-03-12 08:51:05', '2025-03-12 08:51:05'),
(3, 16, 'media/41faxPg1BfOKtYo96FMaucKbTlDBa0XweZTUbaBm.jpg', 'foto', '2025-03-12 09:44:26', '2025-03-12 09:44:26');

-- --------------------------------------------------------



-- --------------------------------------------------------

--
-- Dumping data for table `wisatas`
--

INSERT INTO `wisatas` (`id`, `nama`, `deskripsi`, `koordinat_x`, `koordinat_y`, `status_pengelolaan`, `harga_tiket`, `status_tiket`, `created_at`, `updated_at`) VALUES
(1, 'Air Terjun Sirah Kencong', 'Air Terjun Sirah Kencong menawarkan panorama air terjun yang asri dan alami. Terletak di tengah hutan yang rindang, pengunjung bisa menikmati udara segar dan suasana yang tenang. Cocok untuk pecinta alam dan fotografi.', -7.9735710, 112.4342243, 'dikelola', 10000, 'berbayar', '2025-03-10 16:30:44', '2025-03-10 16:30:44'),
(2, 'Arung Parang', 'Bagi pencinta petualangan, Arung Parang menyajikan aktivitas arung jeram dengan aliran sungai yang cukup menantang. Selain itu, pemandangan sekitarnya juga menawarkan keindahan alam Blitar yang masih alami.', -7.9961159, 112.3583385, 'dikelola', 10000, 'berbayar', '2025-03-10 16:30:44', '2025-03-10 16:30:44'),
(3, 'Lekso Tubing Adventure', 'Lekso Tubing Adventure memberikan pengalaman seru melintasi aliran sungai dengan ban karet. Pengunjung bisa menikmati arus sungai sambil melihat pemandangan alam sekitar yang hijau dan menyegarkan.', -7.9663060, 112.3659200, 'dikelola', 10000, 'berbayar', '2025-03-10 16:30:44', '2025-03-10 16:30:44'),
(4, 'Ngeli ban Minggirsari', 'Ngeli Ban Minggirsari merupakan destinasi wisata air yang unik. Pengunjung bisa merasakan sensasi bermain air dengan ban di aliran sungai yang tenang. Tempat ini juga cocok untuk rekreasi keluarga.', -8.1432700, 112.1684440, 'dikelola', 10000, 'berbayar', '2025-03-10 16:30:44', '2025-03-10 16:30:44'),
(5, 'Badherbank', 'Badherbank dikenal dengan suasana alamnya yang sejuk dan pemandangan hijau yang luas. Cocok untuk wisatawan yang ingin bersantai atau melakukan aktivitas outdoor seperti piknik dan trekking ringan.', -8.1694870, 112.3586800, 'dikelola', 10000, 'berbayar', '2025-03-10 16:30:44', '2025-03-10 16:30:44'),
(6, 'Taman Wisata Bendungan Lodoyo', 'Taman Wisata Bendungan Lodoyo menawarkan keindahan bendungan dengan pemandangan air yang luas. Selain itu, tersedia fasilitas untuk bersantai, bersepeda, atau sekadar menikmati udara segar di sekitar bendungan.', -8.1492680, 112.1905680, 'dikelola', 10000, 'berbayar', '2025-03-10 16:30:44', '2025-03-10 16:30:44'),
(7, 'Taman Wisata Bendungan Wlingi Raya', 'Taman ini memiliki daya tarik berupa pemandangan bendungan yang dikelilingi oleh bukit dan pepohonan. Pengunjung bisa menikmati keindahan alam sambil berfoto atau sekadar berjalan-jalan di sekitar area.', -8.1395260, 112.2486300, 'dikelola', 10000, 'berbayar', '2025-03-10 16:30:44', '2025-03-10 16:30:44'),
(8, 'Kawasan Wisata Ngreeo/Lahor', 'Kawasan Wisata Ngreeo atau Lahor menyuguhkan suasana perbukitan yang hijau dan udara sejuk. Selain itu, kawasan ini juga menawarkan aktivitas trekking ringan dan spot foto alam yang menarik.', -8.1467900, 112.4523580, 'dikelola', 10000, 'berbayar', '2025-03-10 16:30:44', '2025-03-10 16:30:44'),
(9, 'Bendung Sumber Dandang', 'Bendung Sumber Dandang merupakan destinasi wisata air yang menawarkan pemandangan bendungan yang memukau. Tempat ini sering dijadikan spot memancing dan bersantai oleh warga sekitar.', -7.9626700, 112.3696170, 'dikelola', 10000, 'berbayar', '2025-03-10 16:30:44', '2025-03-10 16:30:44'),
(10, 'Rambut Monte', 'Rambut Monte terkenal dengan telaga alami yang jernih serta candi peninggalan sejarah di sekitarnya. Selain itu, terdapat mitos menarik mengenai ikan-ikan di telaga yang menambah daya tarik wisata ini.', -7.9612900, 112.3685110, 'dikelola', 10000, 'berbayar', '2025-03-10 16:30:44', '2025-03-10 16:30:44'),
(11, 'Sumur Amber', 'Sumur Amber merupakan destinasi unik dengan sejarah dan mitos lokal. Air sumur ini dianggap memiliki khasiat tertentu oleh masyarakat setempat. Suasananya yang tenang cocok untuk wisata religi atau budaya.', -8.0831890, 112.1069050, 'dikelola', 10000, 'berbayar', '2025-03-10 16:30:44', '2025-03-10 16:30:44'),
(12, 'Telaga Pacoh', 'Telaga Pacoh menyajikan pemandangan telaga yang jernih dengan lingkungan sekitar yang hijau dan alami. Tempat ini cocok untuk rekreasi keluarga atau sekadar menikmati suasana alam yang damai.', -7.9902560, 112.2207950, 'dikelola', 10000, 'berbayar', '2025-03-10 16:30:44', '2025-03-15 01:34:11'),
(13, 'Gua Embul Tuk', 'Gua Embul Tuk menawarkan pengalaman petualangan masuk ke dalam gua dengan stalaktit dan stalagmit yang indah. Selain pemandangan dalam gua, area sekitar juga memiliki alam yang asri.', -8.2995840, 112.1025290, 'dikelola', 10000, 'berbayar', '2025-03-10 16:30:44', '2025-03-10 16:30:44'),
(14, 'Hutan Pinus Gogoniti', 'Hutan Pinus Gogoniti menyuguhkan pemandangan hutan pinus yang menjulang tinggi. Udara sejuk dan suasana alamnya cocok untuk piknik, berkemah, atau sekadar berjalan-jalan santai.', -8.0694010, 112.4019540, 'dikelola', 10000, 'berbayar', '2025-03-10 16:30:44', '2025-03-10 16:30:44'),
(15, 'Hutan Pinus Loji', 'Hutan Pinus Loji juga menawarkan suasana alami dengan deretan pohon pinus yang indah. Tempat ini menjadi spot favorit untuk berfoto dan rekreasi keluarga.', -7.9623890, 112.3498470, 'dikelola', 10000, 'berbayar', '2025-03-10 16:30:44', '2025-03-10 16:30:44'),
(16, 'Taman Ayu Gogoniti', 'Taman Ayu Gogoniti menghadirkan taman hijau dengan berbagai fasilitas untuk keluarga. Pengunjung bisa menikmati udara segar, bermain di taman, atau sekadar bersantai di area yang nyaman.', -8.0652520, 112.4127430, 'dikelola', 10000, 'berbayar', '2025-03-10 16:30:44', '2025-03-10 16:30:44'),
(17, 'Jati Park', 'Jati Park menawarkan suasana teduh di antara pepohonan jati yang rindang. Tempat ini menyediakan fasilitas rekreasi keluarga dan sering digunakan untuk kegiatan outdoor atau gathering.', -8.0552740, 112.3650490, 'dikelola', 10000, 'berbayar', '2025-03-10 16:30:44', '2025-03-10 16:30:44'),
(18, 'Kesambi Trees Park', 'Kesambi Trees Park memiliki daya tarik berupa pohon-pohon Kesambi yang unik dan suasana alam yang sejuk. Tersedia juga area bermain untuk anak-anak dan spot foto yang menarik.', -8.0669100, 112.1215310, 'dikelola', 10000, 'berbayar', '2025-03-10 16:30:44', '2025-03-10 16:30:44'),
(19, 'Perkebunan Teh Sirah Kencong', 'Perkebunan Teh Sirah Kencong memberikan pemandangan hijau yang memanjakan mata. Pengunjung bisa melihat langsung proses pengolahan teh serta menikmati segelas teh hangat di kafe sekitar.', -7.9761370, 112.4301030, 'dikelola', 10000, 'berbayar', '2025-03-10 16:30:44', '2025-03-10 16:30:44'),
(20, 'Pendakian Gn. Kelud via Tulungrejo', 'Jalur pendakian Gunung Kelud via Tulungrejo menawarkan trek yang menantang dengan panorama alam yang indah. Selain menikmati pemandangan gunung, pengunjung juga bisa melihat kawah aktif yang memukau.', -7.9597170, 112.3477430, 'dikelola', 10000, 'berbayar', '2025-03-10 16:30:44', '2025-03-10 16:30:44'),
(21, 'Pendakian Gn. Kelud via Karangrejo', 'Jalur pendakian ini menawarkan pengalaman mendaki yang menantang dengan pemandangan indah di sepanjang perjalanan. Cocok bagi pendaki pemula maupun berpengalaman.', -8.0168020, 112.2505420, 'dikelola', 10000, 'berbayar', '2025-03-10 16:30:44', '2025-03-10 16:30:44'),
(22, 'Kaleenata Family Camp', 'Tempat ini menyediakan area camping yang nyaman untuk keluarga dengan berbagai fasilitas lengkap. Suasana alamnya mendukung aktivitas outdoor dan rekreasi bersama keluarga.', -8.0018490, 112.3371970, 'dikelola', 10000, 'berbayar', '2025-03-10 16:30:44', '2025-03-10 16:30:44'),
(23, 'Kali Kebo Camping Ground', 'Kali Kebo Camping Ground\r\n', -7.9931690, 112.3344847, 'dikelola', 10000, 'berbayar', '2025-03-15 06:12:13', '2025-03-15 06:12:13'),
(24, 'KWE Puspa Jagad', 'KWE Puspa Jagad menghadirkan taman edukasi dan konservasi dengan berbagai koleksi flora. Cocok untuk wisata keluarga dan edukasi anak-anak.', -7.9917740, 112.3424330, 'dikelola', 10000, 'berbayar', '2025-03-10 16:30:44', '2025-03-10 16:30:44'),
(25, 'Puncak Sekawan', 'Puncak Sekawan menawarkan pemandangan perbukitan dan lembah yang indah. Tempat ini cocok untuk menikmati sunrise atau sekadar bersantai di alam terbuka.', -7.9969310, 112.3784120, 'dikelola', 10000, 'berbayar', '2025-03-10 16:30:44', '2025-03-10 16:30:44'),
(26, 'Pantai Pangi', 'Pantai Pangi memiliki pasir putih dan ombak yang tenang, cocok untuk bermain air atau sekadar bersantai di tepi pantai.', -8.3123030, 112.1102420, 'dikelola', 10000, 'berbayar', '2025-03-10 16:30:44', '2025-03-10 16:30:44'),
(27, 'Pantai Tambakrejo', 'Pantai ini menawarkan panorama laut dengan pasir putih dan ombak yang cukup tenang. Fasilitas di sekitar pantai juga memadai untuk wisata keluarga.', -8.3152460, 112.1431130, 'dikelola', 10000, 'berbayar', '2025-03-10 16:30:44', '2025-03-10 16:30:44'),
(28, 'Pantai Pasir Putih Pasetran Gondomayit', 'Pantai ini memiliki pasir putih bersih dan suasana yang masih alami. Tempat ini cocok untuk berfoto atau menikmati pemandangan laut.', -8.3218330, 112.1464519, 'dikelola', 10000, 'berbayar', '2025-03-10 16:30:44', '2025-03-10 16:30:44'),
(29, 'Pantai Pudak', 'Pantai Pudak menawarkan keindahan alam pantai yang eksotis dengan suasana tenang dan jauh dari keramaian.', -8.3272243, 112.2027024, 'dikelola', 10000, 'berbayar', '2025-03-10 16:30:44', '2025-03-10 16:30:44'),
(30, 'Pantai Serit', 'Pantai Serit dikenal dengan hamparan pasirnya yang luas dan pemandangan laut yang mempesona. Tempat ini cocok untuk bersantai dan menikmati alam.', -8.3274096, 112.2144734, 'dikelola', 10000, 'berbayar', '2025-03-10 16:30:44', '2025-03-10 16:30:44'),
(31, 'Pantai Serang', 'Pantai Serang menawarkan keindahan pasir putih dan suasana yang tenang. Setiap tahun, pantai ini juga menjadi lokasi upacara adat Larung Sesaji.', -8.3314592, 112.2220422, 'dikelola', 10000, 'berbayar', '2025-03-10 16:30:44', '2025-03-10 16:30:44'),
(32, 'Pantai Jolosutro', 'Pantai Jolosutro memiliki pemandangan yang eksotis dengan pasir hitam dan ombak besar, cocok untuk pecinta surfing dan fotografi alam.', -8.3321319, 112.2887115, 'dikelola', 10000, 'berbayar', '2025-03-10 16:30:44', '2025-03-10 16:30:44'),
(33, 'Air Terjun Lawean Kawisari', 'Air Terjun Lawean Kawisari menyajikan panorama air terjun yang tinggi dan alami. Suasana sekitar yang asri menjadikannya destinasi favorit untuk relaksasi.', -7.8821340, 111.7867536, 'dibebaskan', 10000, 'berbayar', '2025-03-10 16:30:44', '2025-03-10 16:30:44'),
(34, 'Air Terjun Tirto Galuh', 'Air Terjun Tirto Galuh menawarkan keindahan air terjun bertingkat dengan kolam alami di bawahnya, cocok untuk berenang dan bermain air.', -8.2653755, 112.0594675, 'dibebaskan', 10000, 'berbayar', '2025-03-10 16:30:44', '2025-03-10 16:30:44'),
(35, 'Air Terjun Bidadari', 'Air Terjun Bidadari menawarkan pemandangan alam yang menakjubkan dengan aliran air jernih yang mengalir deras dari tebing tinggi. Suasana sejuk dan segar di sekitar air terjun membuatnya cocok untuk bersantai dan menikmati alam.', -8.2535503, 112.2592053, 'dibebaskan', 10000, 'berbayar', '2025-03-10 16:30:44', '2025-03-10 16:30:44'),
(36, 'Air Terjun Njumeg', 'Air Terjun Njumeg memiliki pesona air terjun bertingkat dengan aliran air yang membentuk kolam alami di bawahnya. Keindahan alam sekitar dan suara gemericik air menciptakan suasana tenang dan damai.', -8.3033239, 112.3206181, 'dibebaskan', 10000, 'berbayar', '2025-03-10 16:30:44', '2025-03-10 16:30:44'),
(37, 'Air Terjun Jurug Bening', 'Air Terjun Jurug Bening dikenal dengan kejernihan airnya yang mempesona. Lokasinya yang dikelilingi oleh pepohonan hijau membuatnya menjadi tempat yang asri untuk berwisata alam.', -8.2724911, 112.3102397, 'dibebaskan', 10000, 'berbayar', '2025-03-10 16:30:44', '2025-03-10 16:30:44'),
(38, 'Gua Kedung Krombang', 'Gua Kedung Krombang menyajikan petualangan seru dengan pemandangan stalaktit dan stalagmit yang unik di dalam gua. Pengunjung bisa menikmati suasana misterius dan keindahan alami gua ini.', -8.2967184, 112.2347376, 'dibebaskan', 10000, 'berbayar', '2025-03-10 16:30:44', '2025-03-10 16:30:44'),
(39, 'Konyar Hill', 'Konyar Hill menawarkan pemandangan dari ketinggian dengan lanskap perbukitan hijau yang memukau. Waktu terbaik untuk berkunjung adalah saat matahari terbit atau terbenam untuk mendapatkan momen yang instagramable.', -8.1447046, 112.3906462, 'dibebaskan', 10000, 'berbayar', '2025-03-10 16:30:44', '2025-03-10 16:30:44'),
(40, 'puncak Langit', 'puncak Langit adalah destinasi wisata alam di puncak bukit dengan pemandangan langit yang luas dan indah. Tempat ini cocok untuk menikmati pemandangan alam dari ketinggian dan berfoto.', -8.0120849, 112.4517729, 'dibebaskan', 10000, 'berbayar', '2025-03-10 16:30:44', '2025-03-10 16:30:44'),
(41, 'Sumber Bon C', 'Sumber Bon C merupakan sumber mata air alami dengan air yang sangat jernih. Pengunjung bisa merasakan kesegaran air langsung dari sumbernya, cocok untuk tempat bersantai bersama keluarga.', -8.0098459, 112.2512702, 'dibebaskan', 10000, 'berbayar', '2025-03-10 16:30:44', '2025-03-10 16:30:44'),
(42, 'Pantai Pasur', 'Pantai Pasur memiliki hamparan pasir putih yang luas dan air laut yang biru jernih. Ombak yang tenang membuat pantai ini cocok untuk berenang atau sekadar bermain di tepi pantai.', -8.3173353, 112.0619554, 'dibebaskan', 10000, 'berbayar', '2025-03-10 16:30:44', '2025-03-10 16:30:44'),
(43, 'Pantai Gayasan', 'Pantai Gayasan menawarkan keindahan pantai dengan pemandangan tebing karang dan deburan ombak. Suasana alam yang masih alami menjadi daya tarik utama pantai ini.', -8.3153471, 112.1118011, 'dibebaskan', 10000, 'berbayar', '2025-03-10 16:30:44', '2025-03-10 16:30:44'),
(44, 'Pantai Umbul Waru', 'Pantai Umbul Waru terkenal dengan pemandangan laut lepas dan tebing-tebing yang menjulang tinggi. Pengunjung bisa menikmati keindahan laut dari atas tebing atau sekadar bersantai di pantai.', -8.3149191, 112.0794772, 'dibebaskan', 10000, 'berbayar', '2025-03-10 16:30:44', '2025-03-10 16:30:44'),
(45, 'Pantai Banteng Mati', 'Pantai Banteng Mati memiliki suasana yang tenang dan masih jarang dikunjungi wisatawan. Pasir hitamnya yang eksotis dan ombak yang tenang menjadikannya tempat yang nyaman untuk beristirahat.', -8.3249147, 112.1669917, 'dibebaskan', 10000, 'berbayar', '2025-03-10 16:30:44', '2025-03-10 16:30:44'),
(46, 'Pantai Jebring', 'Pantai Jebring menawarkan pemandangan laut biru yang memesona dengan hamparan pasir yang lembut. Suasana di pantai ini sangat asri, cocok untuk berlibur bersama keluarga.', -8.3238569, 112.1423483, 'dibebaskan', 10000, 'berbayar', '2025-03-10 16:30:44', '2025-03-15 01:32:19'),
(47, 'Pantai Keben', 'Pantai Keben menyajikan pemandangan alam yang memukau dengan ombak besar yang menjadi daya tarik bagi para peselancar. Keindahan alam sekitar juga memberikan pengalaman wisata yang menyenangkan.', -8.3240241, 112.1526906, 'dibebaskan', 10000, 'berbayar', '2025-03-10 16:30:44', '2025-03-10 16:30:44'),
(48, 'Pantai Bakung', 'Pantai Bakung merupakan pantai yang masih alami dengan pasir putih dan pemandangan laut yang mempesona. Ombak yang cukup besar juga cocok bagi pengunjung yang gemar berselancar.', -8.3273241, 112.1981103, 'dibebaskan', 10000, 'berbayar', '2025-03-10 16:30:44', '2025-03-10 16:30:44'),
(49, 'Pantai Bukit Indah', 'Pantai Bukit Indah memiliki pemandangan yang unik dengan perpaduan antara pantai dan bukit hijau di sekitarnya. Lokasi ini sangat cocok untuk menikmati panorama alam dan berfoto.', -8.3386546, 112.2636772, 'dibebaskan', 10000, 'berbayar', '2025-03-10 16:30:44', '2025-03-10 16:30:44'),
(50, 'Pantai Peh Pulo', 'Pantai Peh Pulo menawarkan suasana tenang dengan pasir putih yang bersih dan air laut yang jernih. Pengunjung bisa berenang, bermain air, atau sekadar menikmati keindahan alam di sekitar pantai.', -8.3439309, 112.1935514, 'dibebaskan', 10000, 'berbayar', '2025-03-10 16:30:44', '2025-03-10 16:30:44');

--
-- Indexes for dumped tables
--

--
-- Indexes for table `fasilitas`
--


--
-- Indexes for table `fasilitas_wisata`
--
ALTER TABLE `fasilitas_wisata`
  ADD KEY `fasilitas_wisata_wisata_id_foreign` (`wisata_id`),
  ADD KEY `fasilitas_wisata_fasilitas_id_foreign` (`fasilitas_id`),
  ADD KEY `id` (`id`,`wisata_id`,`fasilitas_id`);

--
-- Indexes for table `kunjungan`
--
ALTER TABLE `kunjungan`
  ADD KEY `kunjungan_wisata_id_foreign` (`wisata_id`),
  ADD KEY `id` (`id`,`wisata_id`,`jumlah`,`bulan`,`tahun`);

--
-- Indexes for table `media`
--
ALTER TABLE `media`
  ADD KEY `media_wisata_id_foreign` (`wisata_id`);

--
-- Indexes for table `rating_feedbacks`
--
ALTER TABLE `rating_feedbacks`
  ADD KEY `rating_feedbacks_wisata_id_foreign` (`wisata_id`),
  ADD KEY `rating_feedbacks_user_id_foreign` (`user_id`);

--
-- Indexes for table `wisatas`
--
ALTER TABLE `wisatas`
  ADD KEY `id` (`id`,`nama`,`koordinat_x`,`koordinat_y`);

--
-- AUTO_INCREMENT for dumped tables
--

--
-- AUTO_INCREMENT for table `fasilitas`
--
ALTER TABLE `fasilitas`
  MODIFY `id` bigint(20) UNSIGNED NOT NULL AUTO_INCREMENT, AUTO_INCREMENT=15;

--
-- AUTO_INCREMENT for table `fasilitas_wisata`
--
ALTER TABLE `fasilitas_wisata`
  MODIFY `id` bigint(20) UNSIGNED NOT NULL AUTO_INCREMENT, AUTO_INCREMENT=23;

--
-- AUTO_INCREMENT for table `kunjungan`
--
ALTER TABLE `kunjungan`
  MODIFY `id` bigint(20) UNSIGNED NOT NULL AUTO_INCREMENT, AUTO_INCREMENT=2161;

--
-- AUTO_INCREMENT for table `media`
--
ALTER TABLE `media`
  MODIFY `id` bigint(20) UNSIGNED NOT NULL AUTO_INCREMENT, AUTO_INCREMENT=5;

--
-- AUTO_INCREMENT for table `rating_feedbacks`
--
ALTER TABLE `rating_feedbacks`
  MODIFY `id` bigint(20) UNSIGNED NOT NULL AUTO_INCREMENT;

--
-- AUTO_INCREMENT for table `wisatas`
--
ALTER TABLE `wisatas`
  MODIFY `id` bigint(20) UNSIGNED NOT NULL AUTO_INCREMENT, AUTO_INCREMENT=52;

--
-- Constraints for dumped tables
--

--
-- Constraints for table `fasilitas_wisata`
--
ALTER TABLE `fasilitas_wisata`
  ADD CONSTRAINT `fasilitas_wisata_fasilitas_id_foreign` FOREIGN KEY (`fasilitas_id`) REFERENCES `fasilitas` (`id`) ON DELETE CASCADE,
  ADD CONSTRAINT `fasilitas_wisata_wisata_id_foreign` FOREIGN KEY (`wisata_id`) REFERENCES `wisatas` (`id`) ON DELETE CASCADE;

--
-- Constraints for table `kunjungan`
--
ALTER TABLE `kunjungan`
  ADD CONSTRAINT `kunjungan_wisata_id_foreign` FOREIGN KEY (`wisata_id`) REFERENCES `wisatas` (`id`) ON DELETE CASCADE;

--
-- Constraints for table `media`
--
ALTER TABLE `media`
  ADD CONSTRAINT `media_wisata_id_foreign` FOREIGN KEY (`wisata_id`) REFERENCES `wisatas` (`id`) ON DELETE CASCADE;

--
-- Constraints for table `rating_feedbacks`
--
ALTER TABLE `rating_feedbacks`
  ADD CONSTRAINT `rating_feedbacks_user_id_foreign` FOREIGN KEY (`user_id`) REFERENCES `users` (`id`) ON DELETE CASCADE,
  ADD CONSTRAINT `rating_feedbacks_wisata_id_foreign` FOREIGN KEY (`wisata_id`) REFERENCES `wisatas` (`id`) ON DELETE CASCADE;
COMMIT;

/*!40101 SET CHARACTER_SET_CLIENT=@OLD_CHARACTER_SET_CLIENT */;
/*!40101 SET CHARACTER_SET_RESULTS=@OLD_CHARACTER_SET_RESULTS */;
/*!40101 SET COLLATION_CONNECTION=@OLD_COLLATION_CONNECTION */;
